"Enrichment FDR","nGenes","Pathway Genes","Fold Enrichment","Pathway","URL","Genes"
0.000262295665592961,107,1937,1.67141410749282,"GO:0006793 phosphorus metabolic process "," http://amigo.geneontology.org/amigo/term/GO:0006793"," ELOVL6  BARD1  ABI1  PTPRT  MYO3A  FAR2  ST3GAL1  SKAP2  STK35  LRP6  MAPK1  PTPN23  PPP4R4  DGKG  ITPK1  MGAT5  PLCB1  NDUFS4  PLCD1  BMX  MOB3B  CTDSPL  PRKDC  SIK2  ADCK1    CAMKK1  ATM  HKDC1  EXTL2  CDC14A  PTPRJ  ACVR1B  GPAT3  SERINC2  PTPRE  PLPP1  RB1CC1  LYN  INPP5A  PIBF1  PPP2R1A  MAP2K5  VTN  VAV3  PAK6  SOS1  INSR  PIFO  PGS1  PPM1A  EPHA6  CTTNBP2NL  CASK  SGK3  F2  ATG13  AMBRA1  SPRED1  LATS2  RPTOR  PLCG2  TRIM24  PISD  RET  CCNY  STK3  ALOX15B  MFSD2A  MACROH2A1  TIPRL  RAF1  NEK11  DTNBP1  CDKL3  PPP2CA  IL34  NEDD9  ZFP91  SRPK2  CDK14  WDFY2  EYA1  PTPRM  LAMA1  GMDS  WNK3  GNPTAB  NEK10  SLC11A1  ADCY2  NRG1  AXIN2  EPHA7  PLXNA2  UBASH3B  ADCY8  STK32B  PIK3C2A  H6PD  STK10  ADSS1  MARK3  STAT3  PFKFB2"
0.00027408876676793,105,1917,1.65728459212665,"GO:0006796 phosphate-containing compound metabolic process "," http://amigo.geneontology.org/amigo/term/GO:0006796"," ELOVL6  BARD1  ABI1  PTPRT  MYO3A  FAR2  ST3GAL1  SKAP2  STK35  LRP6  MAPK1  PTPN23  PPP4R4  DGKG  ITPK1  MGAT5  PLCB1  NDUFS4  PLCD1  BMX  MOB3B  CTDSPL  PRKDC  SIK2  ADCK1    CAMKK1  ATM  HKDC1  CDC14A  PTPRJ  ACVR1B  GPAT3  SERINC2  PTPRE  PLPP1  RB1CC1  LYN  INPP5A  PIBF1  PPP2R1A  MAP2K5  VTN  VAV3  PAK6  SOS1  INSR  PIFO  PGS1  PPM1A  EPHA6  CTTNBP2NL  CASK  SGK3  F2  ATG13  AMBRA1  SPRED1  LATS2  RPTOR  PLCG2  TRIM24  PISD  RET  CCNY  STK3  ALOX15B  MFSD2A  MACROH2A1  TIPRL  RAF1  NEK11  DTNBP1  CDKL3  PPP2CA  IL34  NEDD9  ZFP91  SRPK2  CDK14  WDFY2  EYA1  PTPRM  LAMA1  WNK3  GNPTAB  NEK10  SLC11A1  ADCY2  NRG1  AXIN2  EPHA7  PLXNA2  UBASH3B  ADCY8  STK32B  PIK3C2A  H6PD  STK10  ADSS1  MARK3  STAT3  PFKFB2"
0.000455942006859937,78,1324,1.78252867157481,"GO:0016310 phosphorylation "," http://amigo.geneontology.org/amigo/term/GO:0016310"," BARD1  ABI1  PTPRT  MYO3A  ST3GAL1  SKAP2  STK35  LRP6  MAPK1  DGKG  ITPK1  NDUFS4  BMX  MOB3B  CTDSPL  PRKDC  SIK2  ADCK1    CAMKK1  ATM  HKDC1  PTPRJ  ACVR1B  RB1CC1  LYN  PIBF1  MAP2K5  VTN  VAV3  PAK6  SOS1  INSR  PIFO  EPHA6  CASK  SGK3  F2  ATG13  AMBRA1  SPRED1  LATS2  RPTOR  PLCG2  TRIM24  RET  CCNY  STK3  MACROH2A1  RAF1  NEK11  DTNBP1  CDKL3  PPP2CA  IL34  NEDD9  ZFP91  SRPK2  CDK14  WDFY2  LAMA1  WNK3  GNPTAB  NEK10  SLC11A1  NRG1  AXIN2  EPHA7  PLXNA2  UBASH3B  STK32B  PIK3C2A  STK10  MARK3  STAT3  PFKFB2"
0.000455942006859937,92,1646,1.69117248050585,"GO:0032879 regulation of localization "," http://amigo.geneontology.org/amigo/term/GO:0032879"," EPB41L2  KCNJ15  BARD1  PTPRT  KCNQ3  CEP290  TRPV4  FTO  LIPG  MAPK1  PTPN23  AHSG  SCN5A  MGAT5  ATP8B1  PLCB1  SLC9B2  TACR1  ACE2  MFGE8  STAC  MCRS1  NRXN3  RDX  EXPH5  ATM  PTPRJ  CLTRN  ACVR1B  RAB3C  SPIDR  LYN  UBXN2B  CHD7  CASQ2  SLC9A1  CORO2B  VTN  FRMD4A  RYR2  ZNF609  LDLRAP1  INSR  PPM1A  CTTNBP2NL  NKAIN3  YTHDF3  SEMA3C  F2  NDFIP2  SPRED1  DPP6  LATS2  CPNE3  PLCG2  CDH13  TTLL6  ALOX5  RET  PCLO  RIC1  FBXL20  MACROH2A1  DTNBP1  IL34  STX8  VDAC1  PHACTR1  NEDD9  KCNH8  SULF1  PTPRM  LAMA1  KRIT1  ACTN4  WNK3  SLC11A1  RIMS2  CACNA2D3  CARMIL1  GCC2  PCM1  NRG1  ICE1  PLXNA2  SCN3B  UBASH3B  APOB  FOXP1  STX7  STK10  STAT3"
0.0039666944839246,64,1083,1.78805726631346,"GO:0006468 protein phosphorylation "," http://amigo.geneontology.org/amigo/term/GO:0006468"," ABI1  PTPRT  MYO3A  ST3GAL1  STK35  LRP6  MAPK1  NDUFS4  BMX  CTDSPL  PRKDC  SIK2  ADCK1    CAMKK1  ATM  PTPRJ  ACVR1B  RB1CC1  LYN  PIBF1  MAP2K5  VTN  PAK6  SOS1  INSR  EPHA6  CASK  SGK3  F2  ATG13  SPRED1  LATS2  RPTOR  PLCG2  TRIM24  RET  CCNY  STK3  MACROH2A1  RAF1  NEK11  DTNBP1  CDKL3  PPP2CA  IL34  NEDD9  ZFP91  SRPK2  CDK14  WDFY2  LAMA1  WNK3  NEK10  SLC11A1  NRG1  AXIN2  EPHA7  UBASH3B  STK32B  STK10  MARK3"
0.00652601355801167,182,4133,1.33240388161588,"GO:0051179 localization "," http://amigo.geneontology.org/amigo/term/GO:0051179"," EPB41L2  IGF2BP3  KCNJ15  BARD1  RIMS3  PTPRT  PANX3  CSF3R  KCNQ3  OSBPL10  CEP290  TRPV4  CLCA1  LRP6  ATG2B  FTO  IMPG2  LIPG  EXOC6  BBS9  SLC35F1  GRIA1  MAPK1  PTPN23  AHSG  TTC21A  TSPAN5  SCN5A  MGAT5  ATP8B1  PLCB1  SLC9B2  SLC49A3  TACR1  SNX19  ACE2  ITGA9  GOLGA4  MFGE8  STAC  DOCK1  MCRS1  CEP128  ARID5B  CEP192  NRXN3  RDX  EXPH5  ATM  LYST  IFT43  ANO2  FYB1  TRPV1  SLC35A3  NUP85  GRB2  PTPRJ  CLTRN  AP1S2  SLC4A10  ACVR1B  RAB3C    SPIDR  LYN  UBXN2B  ABCA4  PIBF1  RAB6A  PPARD  CHD7  TBC1D8B  SORCS2  TBC1D14  CASQ2  SLC9A1  FRMPD1  CORO2B  SLC22A3  VTN  CUX1  FRMD4A  VAV3  RYR2  ZNF609  SLC3A1  TTC7A  LDLRAP1  INSR  PPM1A  ATP12A  CTTNBP2NL  NKAIN3  YTHDF3  SEMA3C  GRID1  F2  NDFIP2  SPRED1  DPP6  LATS2  CPNE3  CNGB3  PLCG2  CDH13  SLC26A7  HPS4  TTLL6  ALOX5  RET  TRPC7  PCLO  RIC1  STK3  XPR1  MFSD2A  FBXL20  MACROH2A1  SFT2D2  LDLRAD3  ADAM22  RAF1  SEC24A  DTNBP1  IL34  STX8  VDAC1  RHBDD1  HSPA4  PHACTR1  NEDD9  KCNH8  SULF1  RAB31  SLCO5A1  RELN  PTPRM  LAMA1  KRIT1  ACTN4  WNK3  GNPTAB  SLC11A1  COLEC12  TNS1  SEC63  RIMS2  CACNA2D3  LRP12  SLC9C2  CARMIL1  GCC2  PCM1  SLC17A2  DNAH9  NRG1  AXIN2  ICE1  OSBPL1A  PLXNA2  SCN3B  GRAMD1B  JHY  UBASH3B  EXOC6B  EPS15  APOB  ARHGAP35  NBEA  FOXP1  STX7  STK10  SSC5D  GABRA1  SLC24A3  STAT3  ARHGAP21  TRAPPC10  ARFGEF1"
0.0217331425185629,164,3732,1.32963402324686,"GO:0048518 positive regulation of biological process "," http://amigo.geneontology.org/amigo/term/GO:0048518"," MTPN  RBMS3  EPB41L2  IGF2BP3  AKAP13  ELOVL6  BARD1  ABI1  APBB2  PANX3  NCOR2  CEP290  TRPV4  LRP6  DCUN1D4  LPAR3  FTO  LIPG  MAPK1  PTPN23  ADRA1A  CADM1  KLHL18  USF3  AHSG  APAF1  CSRNP1  TSPAN5  USP22  SCN5A  CCDC62  MGAT5  NLRP6  PLCB1  SLC9B2  NDUFS4  TACR1  ACE2  GOLGA4  KDM8  MFGE8  FANCI  STAC  NEGR1  MCRS1  PRKDC  TSHR  ARID5B  ADCK1  RDX  EXPH5  ATM  UBP1  GRB2  PTPRJ  CLTRN  ACVR1B  MMP8  SPIDR  RB1CC1  LYN  UBXN2B  PIBF1  KLF12  PPARD  PPP2R1A  CHD7  RNFT2  GAB2  CASQ2  SLC9A1  CORO2B  VTN  FRMD4A  VAV3  RSU1  RYR2  ZNF609  AGXT2  LDLRAP1  INSR  PIFO  PPM1A  PSPC1  ASPH  YTHDF3  SEMA3C  CKAP5  CSPP1  F2  ATG13  AMBRA1  DDX11  NDFIP2  CLSTN2  SPRED1  GABPB1  FGF9  VIT  CPNE3  RPTOR  PLCG2  CDH13  HSD17B12  TRIM24  DIS3L2  TTLL6  FMN1  ALOX5  RET  SPON1  PDCD1LG2  DCAF6  CCNY  STK3  ALOX15B  MFSD2A  PPIE  MACROH2A1  PCBD2  TXNDC15  RAF1  DTNBP1  JADE2  PPP2CA  IL34  VDAC1  RHBDD1  NEDD9  ZFP91  SRPK2  SULF1  NCOA2  WDFY2  EYA1  ACTN4  WNK3  SLC11A1  ZFPM2  SCUBE1  COP1  CARMIL1  PCM1  NRG1  AXIN2  ICE1  SCN3B  HPSE2  RXRG  EVC  APOB  ALDH1A2  ARHGAP35  SHOC2  FOXP1  SHQ1  ASXL1  STX7  SULF2  SLC24A3  STAT3  RETREG3  TTC23  ARFGEF1"
0.0226528444532733,60,1073,1.69192627512011,"GO:0009888 tissue development "," http://amigo.geneontology.org/amigo/term/GO:0009888"," ABI1  TRPV4  LRP6  FTO  MAPK1  RBFOX1  USF3  AHSG  APAF1  ITPK1  PLCB1  SNX19  PRKDC  ARID5B  RDX  EXPH5  ATM  GRB2  ACVR1B  MMP8  PPARD  CHD7  SLC9A1  VTN  SOS1  NEBL  PIFO  SEMA3C  AMBRA1  MYO18B  SPRED1  LATS2  FMN1  ALOX5  RET  STK3  ALOX15B  MFSD2A  GPR161  MACROH2A1  PPP2CA  VDAC1  SULF1  NDUFV2  EYA1  LAMA1  ZFPM2  RASAL2  NRG1  AXIN2  TLL2  ADAMTS16  PLXNA2  JHY  ALDH1A2  ARHGAP35  FOXP1  ASXL1  SULF2  SLC24A3"
0.0226528444532733,146,3259,1.35549650407981,"GO:0048856 anatomical structure development "," http://amigo.geneontology.org/amigo/term/GO:0048856"," TEX11  ABI1  CSF3R  CMTM7  ST3GAL1  TRPV4  LRP6  FRYL  LPAR3  FTO  IMPG2  MAPK1  RBFOX1  USF3  PPP4R4  AHSG  APAF1  DGKG  SPATA5  CSRNP1  TTC21A  ITPK1  CCDC62  ATP8B1  PLCB1  SLC9B2  NDUFS4  PIR  SNX19  GOLGA4  NEGR1  DOCK1  MCRS1  SPECC1  PRKDC  TSHR  ARID5B  NRXN3  ADCK1  RDX  DDX10  SOS2  EXPH5  ATM  AFF3  UBP1  NUP85  GRB2  SLC4A10  ACVR1B  DPF3  MMP8  RB1CC1  LYN  PPARD  PPP2R1A  CHD7  GAB2  SLC9A1  MAP2K5  VTN  ZNF609  PAK6  TTC7A  SOS1  INSR  NEBL  PIFO  NPR3  YTHDF3  SEMA3C  LDB3  F2  AMBRA1  CLSTN2  MYO18B  SPRED1  LATS2  FGF9  VIT  PLCG2  TOPAZ1  CDH13  CDIN1  FMN1  ALOX5  RET  PCLO  RIC1  STK3  ALOX15B  MFSD2A  GPR161  MACROH2A1  ADAM22  RAF1  DTNBP1  JADE2  PPP2CA  IL34  TCF7  VDAC1  FSTL4  PHACTR1  AFF4  NEDD9  PREX2  SULF1  NDUFV2  EYA1  RELN  PTPRM  LAMA1  KRIT1  ACTN4  TRAPPC9  LRP12  ZFPM2  CSMD3  PAPPA2  RASAL2  CARMIL1  FGL1  PCM1  TMEM182  NRG1  AXIN2  TLL2  ADAMTS16  PLXNA2  JHY  UBASH3B  EVC  APOB  ALDH1A2  ARHGAP35  FOXP1  ASXL1  SULF2  GABRA1  PCSK2  SLC24A3  STAT3  RETREG3    POLQ"
0.028856156478009,164,3777,1.3137924741216,"GO:0016043 cellular component organization "," http://amigo.geneontology.org/amigo/term/GO:0016043"," MTPN  TEX11  EPB41L2  ABI1    CEP290  DCBLD2  TRPV4  ATG2B  LPAR3  IMPG2  LIPG  EXOC6  MAPK1  PTPN23  APAF1  DGKG  ATP8B1  NLRP6  PLCB1  IQGAP2  NDUFS4  SNX19  ACE2  VILL  GOLGA4  MFGE8  NEGR1  MCRS1  PRKDC  TSHR  CEP192  NRXN3  ADCK1  RDX  ATM  LYST  IFT43  NUP85  GRB2  PTPRJ  CLTRN  ZRSR2  ACVR1B  CLASP2  THSD4  SPIDR  RB1CC1  LYN  UBXN2B  ABCA4  PIBF1  ADAMTSL3  ABLIM2  PPP2R1A  CHD7  TBC1D14  SPTSSB  CASQ2  CORO2B  VTN  SORBS2  VAV3  CELF2  PAK6  LDLRAP1  SOS1  INSR  NEBL  PIFO  PPM1A  CLVS1  YTHDF3  TESMIN  SEMA3C  CCSER2  LDB3  MCMDC2  CKAP5  F2  ATG13  AMBRA1  DDX11  CLSTN2  GABPB1  STAG1  VIT  RPTOR  PLCG2  CDH13  IMPG1  HPS4  FRMPD2  HSD17B12  ARHGAP22  DIS3L2  TTLL6  NIPSNAP2  PISD  FMN1  DNAJC15  RET  PCLO  RIC1  STK3  KATNAL1  MFSD2A  MACROH2A1  TXNDC15  RAF1  CAP2  SEC24A  DTNBP1  JADE2  VDAC1  FSTL4  HSPA4  PHACTR1  NEDD9  PREX2  SRPK2  MTERF1  SULF1  RAB31  PTPRM  LAMA1  L3MBTL4  KRIT1  WNK3  GNPTAB  COLEC12  TNS1  LRP12  SMARCAL1  CSMD3  CARMIL1  GCC2  PCM1  TMEM182  NRG1  AXIN2  ICE1  ADAMTS16  GRAMD1B  JHY  PYROXD2  EXOC6B  HPSE2  EPS15  APOB  ALDH1A2  ARHGAP35  SHQ1  TLN2  STX7  SULF2  GABRA1  RETREG3  ARHGAP21  POLQ  ARFGEF1"
0.028856156478009,111,2365,1.42010919764363,"GO:0048731 system development "," http://amigo.geneontology.org/amigo/term/GO:0048731"," TEX11  ABI1  CSF3R  CMTM7  ST3GAL1  TRPV4  LPAR3  IMPG2  MAPK1  APAF1  DGKG  SPATA5  CSRNP1  ITPK1  ATP8B1  PLCB1  SLC9B2  NDUFS4  PIR  SNX19  GOLGA4  NEGR1  DOCK1  PRKDC  TSHR  ARID5B  NRXN3  SOS2  ATM  UBP1  NUP85  GRB2  SLC4A10  ACVR1B  DPF3  RB1CC1  LYN  PPARD  CHD7  GAB2  SLC9A1  MAP2K5  VTN  ZNF609  PAK6  TTC7A  SOS1  INSR  NEBL  PIFO  NPR3  SEMA3C  F2  AMBRA1  CLSTN2  MYO18B  SPRED1  FGF9  VIT  PLCG2  CDH13  CDIN1  FMN1  ALOX5  RET  PCLO  STK3  MFSD2A  GPR161  ADAM22  RAF1  DTNBP1  JADE2  IL34  TCF7  FSTL4  PHACTR1  NEDD9  PREX2  SULF1  NDUFV2  EYA1  RELN  PTPRM  LAMA1  KRIT1  TRAPPC9  LRP12  ZFPM2  CSMD3  PAPPA2  FGL1  PCM1  NRG1  AXIN2  ADAMTS16  PLXNA2  JHY  UBASH3B  EVC  APOB  ALDH1A2  ARHGAP35  FOXP1  ASXL1  SULF2  GABRA1  PCSK2  STAT3  RETREG3  POLQ"
0.0324375085273483,123,2694,1.38145717560058,"GO:0007275 multicellular organism development "," http://amigo.geneontology.org/amigo/term/GO:0007275"," TEX11  ABI1  CSF3R  CMTM7  ST3GAL1  TRPV4  LRP6  LPAR3  IMPG2  MAPK1  PPP4R4  AHSG  APAF1  DGKG  SPATA5  CSRNP1  ITPK1  CCDC62  ATP8B1  PLCB1  SLC9B2  NDUFS4  PIR  SNX19  GOLGA4  NEGR1  DOCK1  MCRS1  SPECC1  PRKDC  TSHR  ARID5B  NRXN3  SOS2  ATM  AFF3  UBP1  NUP85  GRB2  SLC4A10  ACVR1B  DPF3  MMP8  RB1CC1  LYN  PPARD  CHD7  GAB2  SLC9A1  MAP2K5  VTN  ZNF609  PAK6  TTC7A  SOS1  INSR  NEBL  PIFO  NPR3  YTHDF3  SEMA3C  F2  AMBRA1  CLSTN2  MYO18B  SPRED1  LATS2  FGF9  VIT  PLCG2  CDH13  CDIN1  FMN1  ALOX5  RET  PCLO  STK3  ALOX15B  MFSD2A  GPR161  MACROH2A1  ADAM22  RAF1  DTNBP1  JADE2  IL34  TCF7  FSTL4  PHACTR1  NEDD9  PREX2  SULF1  NDUFV2  EYA1  RELN  PTPRM  LAMA1  KRIT1  TRAPPC9  LRP12  ZFPM2  CSMD3  PAPPA2  FGL1  PCM1  NRG1  AXIN2  ADAMTS16  PLXNA2  JHY  UBASH3B  EVC  APOB  ALDH1A2  ARHGAP35  FOXP1  ASXL1  SULF2  GABRA1  PCSK2  STAT3  RETREG3  POLQ"
0.0324375085273483,93,1917,1.46788063874075,"GO:0048513 animal organ development "," http://amigo.geneontology.org/amigo/term/GO:0048513"," TEX11  ABI1  CSF3R  CMTM7  ST3GAL1  TRPV4  LRP6  FTO  IMPG2  MAPK1  RBFOX1  USF3  AHSG  APAF1  SPATA5  CSRNP1  ATP8B1  PLCB1  SLC9B2  NDUFS4  PIR  SNX19  DOCK1  PRKDC  TSHR  ARID5B  SOS2  EXPH5  ATM  NUP85  GRB2  SLC4A10  ACVR1B  RB1CC1  LYN  PPARD  CHD7  GAB2  SLC9A1  MAP2K5  TTC7A  SOS1  INSR  NEBL  PIFO  SEMA3C  AMBRA1  MYO18B  SPRED1  LATS2  FGF9  VIT  PLCG2  CDIN1  FMN1  ALOX5  RET  STK3  ALOX15B  MFSD2A  MACROH2A1  RAF1  PPP2CA  IL34  TCF7  PHACTR1  NEDD9  SULF1  NDUFV2  EYA1  PTPRM  LAMA1  TRAPPC9  ZFPM2  PAPPA2  RASAL2  FGL1  PCM1  NRG1  AXIN2  TLL2  ADAMTS16  PLXNA2  JHY  UBASH3B  EVC  ALDH1A2  ARHGAP35  FOXP1  ASXL1  SULF2  SLC24A3  STAT3"
0.0381851208106584,63,1185,1.60861496866167,"GO:0007399 nervous system development "," http://amigo.geneontology.org/amigo/term/GO:0007399"," ABI1  LPAR3  MAPK1  APAF1  DGKG  SPATA5  ITPK1  ATP8B1  PLCB1  NDUFS4  GOLGA4  NEGR1  PRKDC  TSHR  NRXN3  ATM  SLC4A10  DPF3  LYN  PPARD  CHD7  VTN  ZNF609  PAK6  SOS1  SEMA3C  F2  AMBRA1  CLSTN2  VIT  RET  PCLO  STK3  MFSD2A  GPR161  ADAM22  DTNBP1  JADE2  IL34  FSTL4  PHACTR1  PREX2  SULF1  NDUFV2  EYA1  RELN  PTPRM  LAMA1  TRAPPC9  LRP12  CSMD3  PCM1  NRG1  PLXNA2  JHY  APOB  ALDH1A2  ARHGAP35  SULF2  GABRA1  PCSK2  STAT3  RETREG3"
0.0381851208106584,152,3497,1.31515779128296,"GO:0032502 developmental process "," http://amigo.geneontology.org/amigo/term/GO:0032502"," TEX11  ABI1  CSF3R  CMTM7  ST3GAL1  TRPV4  LRP6  FRYL  LPAR3  FTO  IMPG2  MAPK1  RBFOX1  USF3  PPP4R4  AHSG  APAF1  DGKG  SPATA5  CSRNP1  TTC21A  ITPK1  CCDC62  ATP8B1  PLCB1  SLC9B2  NDUFS4  PIR  SNX19  GOLGA4  NEGR1  DOCK1  MCRS1  SPECC1  PRKDC  TSHR  ARID5B  NRXN3  ADCK1  RDX  DDX10  SOS2  EXPH5  ATM  AFF3  UBP1  NUP85  GRB2  SLC4A10  ACVR1B  DPF3  MMP8  RB1CC1  LYN  PPARD  PPP2R1A  CHD7  GAB2  SLC9A1  MAP2K5  VTN  ZNF609  PAK6  TTC7A  SOS1  INSR  NEBL  PIFO  NPR3  YTHDF3  TESMIN  SEMA3C  LDB3  F2  AMBRA1  CLSTN2  MYO18B  SPRED1  LATS2  FGF9  VIT  PLCG2  TOPAZ1  CDH13  HPS4  CDIN1  DIS3L2  FMN1  ALOX5  RET  PCLO  RIC1  STK3  KATNAL1  ALOX15B  MFSD2A  GPR161  MACROH2A1  ADAM22  RAF1  DTNBP1  JADE2  PPP2CA  IL34  TCF7  VDAC1  RHBDD1  FSTL4  PHACTR1  AFF4  NEDD9  PREX2  SULF1  WDFY2  NDUFV2  EYA1  RELN  PTPRM  LAMA1  KRIT1  ACTN4  TRAPPC9  LRP12  ZFPM2  CSMD3  PAPPA2  RASAL2  CARMIL1  FGL1  PCM1  TMEM182  NRG1  AXIN2  TLL2  ADAMTS16  PLXNA2  JHY  UBASH3B  EVC  APOB  ALDH1A2  ARHGAP35  FOXP1  ASXL1  SULF2  GABRA1  PCSK2  SLC24A3  STAT3  RETREG3    POLQ"
0.0404299746087276,16,168,2.88164586222839,"GO:1904062 regulation of cation transmembrane transport "," http://amigo.geneontology.org/amigo/term/GO:1904062"," SCN5A  ACE2  STAC  CLTRN  LYN  CHD7  CASQ2  SLC9A1  RYR2  F2  DPP6  PLCG2  VDAC1  WNK3  SCN3B  UBASH3B"
0.0452502163614296,40,660,1.83377463959988,"GO:0009790 embryo development "," http://amigo.geneontology.org/amigo/term/GO:0009790"," ABI1  LRP6  MAPK1  PPP4R4  APAF1  ITPK1  CCDC62  PLCB1  MCRS1  SPECC1  PRKDC  TSHR  ATM  AFF3  GRB2  ACVR1B  MMP8  CHD7  VTN  SOS1  INSR  PIFO  SEMA3C  AMBRA1  MYO18B  LATS2  RET  STK3  GPR161  MACROH2A1  SULF1  EYA1  LAMA1  ZFPM2  AXIN2  PLXNA2  APOB  ALDH1A2  ARHGAP35  SULF2"
0.045274236156964,147,3386,1.31359137281439,"GO:0048522 positive regulation of cellular process "," http://amigo.geneontology.org/amigo/term/GO:0048522"," EPB41L2  AKAP13  BARD1  ABI1  APBB2  CEP290  TRPV4  LRP6  DCUN1D4  LPAR3  FTO  MAPK1  PTPN23  ADRA1A  CADM1  KLHL18  USF3  APAF1  CSRNP1  TSPAN5  USP22  CCDC62  MGAT5  NLRP6  PLCB1  SLC9B2  NDUFS4  TACR1  ACE2  GOLGA4  KDM8  FANCI  STAC  NEGR1  MCRS1  PRKDC  ARID5B  ADCK1  RDX  EXPH5  ATM  UBP1  GRB2  PTPRJ  CLTRN  ACVR1B  MMP8  SPIDR  RB1CC1  LYN  UBXN2B  PIBF1  KLF12  PPARD  PPP2R1A  CHD7  RNFT2  GAB2  CASQ2  SLC9A1  VTN  FRMD4A  VAV3  RSU1  RYR2  ZNF609  AGXT2  LDLRAP1  INSR  PIFO  PPM1A  ASPH  YTHDF3  SEMA3C  CKAP5  CSPP1  F2  ATG13  AMBRA1  DDX11  NDFIP2  CLSTN2  SPRED1  GABPB1  FGF9  VIT  CPNE3  RPTOR  PLCG2  CDH13  HSD17B12  TRIM24  DIS3L2  TTLL6  FMN1  ALOX5  RET  SPON1  PDCD1LG2  DCAF6  CCNY  STK3  ALOX15B  MFSD2A  MACROH2A1  PCBD2  TXNDC15  RAF1  DTNBP1  JADE2  PPP2CA  IL34  VDAC1  RHBDD1  NEDD9  ZFP91  SRPK2  SULF1  NCOA2  WDFY2  EYA1  ACTN4  WNK3  SLC11A1  ZFPM2  SCUBE1  COP1  CARMIL1  PCM1  NRG1  AXIN2  ICE1  HPSE2  RXRG  EVC  APOB  ALDH1A2  ARHGAP35  SHOC2  FOXP1  SHQ1  ASXL1  STX7  SULF2  STAT3  RETREG3  TTC23"
0.0469245804335458,7,38,5.57370975983648,"GO:0001756 somitogenesis "," http://amigo.geneontology.org/amigo/term/GO:0001756"," ABI1  PRKDC  ATM  SEMA3C  AXIN2  PLXNA2  ALDH1A2"
0.0469245804335458,102,2203,1.40092724396124,"GO:0030154 cell differentiation "," http://amigo.geneontology.org/amigo/term/GO:0030154"," TEX11  ABI1  CSF3R  CMTM7  ST3GAL1  TRPV4  LRP6  LPAR3  FTO  MAPK1  RBFOX1  USF3  DGKG  TTC21A  ATP8B1  PLCB1  SLC9B2  PIR  SNX19  GOLGA4  NEGR1  DOCK1  PRKDC  TSHR  ARID5B  RDX  SOS2  EXPH5  ATM  GRB2  SLC4A10  ACVR1B  MMP8  LYN  PPARD  PPP2R1A  CHD7  GAB2  SLC9A1  VTN  ZNF609  PAK6  SOS1  NEBL  SEMA3C  LDB3  F2  AMBRA1  MYO18B  SPRED1  LATS2  FGF9  PLCG2  TOPAZ1  HPS4  CDIN1  ALOX5  RET  STK3  ALOX15B  MFSD2A  MACROH2A1  ADAM22  RAF1  DTNBP1  JADE2  PPP2CA  IL34  TCF7  VDAC1  RHBDD1  FSTL4  PHACTR1  AFF4  NEDD9  PREX2  SULF1  WDFY2  EYA1  RELN  PTPRM  LAMA1  ACTN4  LRP12  ZFPM2  CSMD3  CARMIL1  PCM1  TMEM182  NRG1  AXIN2  JHY  UBASH3B  APOB  ALDH1A2  ARHGAP35  FOXP1  ASXL1  SULF2  STAT3  RETREG3  "
0.0469245804335458,20,253,2.3918799646955,"GO:0034765 regulation of ion transmembrane transport "," http://amigo.geneontology.org/amigo/term/GO:0034765"," KCNJ15  KCNQ3  SCN5A  ACE2  STAC  CLTRN  LYN  CHD7  CASQ2  SLC9A1  RYR2  F2  DPP6  PLCG2  VDAC1  KCNH8  WNK3  CACNA2D3  SCN3B  UBASH3B"
0.0469245804335458,3,5,18.1543689320388,"GO:0002328 pro-B cell differentiation "," http://amigo.geneontology.org/amigo/term/GO:0002328"," PRKDC  SOS2  SOS1"
0.0469245804335458,3,5,18.1543689320388,"GO:0035860 glial cell-derived neurotrophic factor receptor signaling pathway "," http://amigo.geneontology.org/amigo/term/GO:0035860"," RET  SULF1  SULF2"
0.0469245804335458,28,416,2.03654779686333,"GO:0043009 chordate embryonic development "," http://amigo.geneontology.org/amigo/term/GO:0043009"," ABI1  LRP6  MAPK1  PPP4R4  APAF1  ITPK1  CCDC62  SPECC1  PRKDC  ATM  GRB2  ACVR1B  CHD7  SEMA3C  AMBRA1  MYO18B  LATS2  STK3  GPR161  SULF1  EYA1  ZFPM2  AXIN2  PLXNA2  APOB  ALDH1A2  ARHGAP35  SULF2"
0.0469245804335458,15,158,2.87252672975298,"GO:0048638 regulation of developmental growth "," http://amigo.geneontology.org/amigo/term/GO:0048638"," LPAR3  FTO  PLCB1  GOLGA4  TSHR  PPARD  CHD7  INSR  LATS2  STK3  MFSD2A  FSTL4  ZFPM2  TLL2  STAT3"
0.0469245804335458,102,2222,1.38894811811278,"GO:0048869 cellular developmental process "," http://amigo.geneontology.org/amigo/term/GO:0048869"," TEX11  ABI1  CSF3R  CMTM7  ST3GAL1  TRPV4  LRP6  LPAR3  FTO  MAPK1  RBFOX1  USF3  DGKG  TTC21A  ATP8B1  PLCB1  SLC9B2  PIR  SNX19  GOLGA4  NEGR1  DOCK1  PRKDC  TSHR  ARID5B  RDX  SOS2  EXPH5  ATM  GRB2  SLC4A10  ACVR1B  MMP8  LYN  PPARD  PPP2R1A  CHD7  GAB2  SLC9A1  VTN  ZNF609  PAK6  SOS1  NEBL  SEMA3C  LDB3  F2  AMBRA1  MYO18B  SPRED1  LATS2  FGF9  PLCG2  TOPAZ1  HPS4  CDIN1  ALOX5  RET  STK3  ALOX15B  MFSD2A  MACROH2A1  ADAM22  RAF1  DTNBP1  JADE2  PPP2CA  IL34  TCF7  VDAC1  RHBDD1  FSTL4  PHACTR1  AFF4  NEDD9  PREX2  SULF1  WDFY2  EYA1  RELN  PTPRM  LAMA1  ACTN4  LRP12  ZFPM2  CSMD3  CARMIL1  PCM1  TMEM182  NRG1  AXIN2  JHY  UBASH3B  APOB  ALDH1A2  ARHGAP35  FOXP1  ASXL1  SULF2  STAT3  RETREG3  "
0.0469245804335458,53,985,1.62805677393918,"GO:0051049 regulation of transport "," http://amigo.geneontology.org/amigo/term/GO:0051049"," KCNJ15  BARD1  KCNQ3  CEP290  LIPG  MAPK1  PTPN23  AHSG  SCN5A  ATP8B1  SLC9B2  ACE2  MFGE8  STAC  NRXN3  RDX  EXPH5  CLTRN  RAB3C  LYN  CHD7  CASQ2  SLC9A1  VTN  FRMD4A  RYR2  LDLRAP1  INSR  PPM1A  CTTNBP2NL  NKAIN3  F2  NDFIP2  DPP6  PLCG2  CDH13  ALOX5  PCLO  RIC1  FBXL20  DTNBP1  VDAC1  KCNH8  WNK3  SLC11A1  RIMS2  CACNA2D3  GCC2  PCM1  NRG1  ICE1  SCN3B  UBASH3B"
0.0469245804335458,37,610,1.83527773356677,"GO:0051270 regulation of cellular component movement "," http://amigo.geneontology.org/amigo/term/GO:0051270"," PTPRT  TRPV4  MAPK1  PTPN23  SCN5A  MGAT5  PLCB1  TACR1  RDX  ATM  PTPRJ  ACVR1B  LYN  VTN  RYR2  ZNF609  INSR  YTHDF3  SEMA3C  SPRED1  CPNE3  CDH13  TTLL6  RET  IL34  PHACTR1  NEDD9  SULF1  PTPRM  LAMA1  KRIT1  ACTN4  CARMIL1  PLXNA2  FOXP1  STK10  STAT3"
0.0469245804335458,3,5,18.1543689320388,"GO:0086015 SA node cell action potential "," http://amigo.geneontology.org/amigo/term/GO:0086015"," SCN5A  RYR2  SCN3B"
0.0469245804335458,3,5,18.1543689320388,"GO:0086018 SA node cell to atrial cardiac muscle cell signaling "," http://amigo.geneontology.org/amigo/term/GO:0086018"," SCN5A  RYR2  SCN3B"
0.0469245804335458,3,5,18.1543689320388,"GO:0086070 SA node cell to atrial cardiac muscle cell communication "," http://amigo.geneontology.org/amigo/term/GO:0086070"," SCN5A  RYR2  SCN3B"
0.0469245804335458,10,79,3.83003563967064,"GO:1903169 regulation of calcium ion transmembrane transport "," http://amigo.geneontology.org/amigo/term/GO:1903169"," STAC  LYN  CHD7  CASQ2  SLC9A1  RYR2  F2  PLCG2  VDAC1  UBASH3B"
0.0472677096943035,135,3108,1.31426416013795,"GO:0051234 establishment of localization "," http://amigo.geneontology.org/amigo/term/GO:0051234"," IGF2BP3  KCNJ15  BARD1  RIMS3  PANX3  KCNQ3  OSBPL10  CEP290  TRPV4  CLCA1  LRP6  ATG2B  LIPG  EXOC6  SLC35F1  GRIA1  MAPK1  PTPN23  AHSG  SCN5A  ATP8B1  SLC9B2  SLC49A3  SNX19  ACE2  GOLGA4  MFGE8  STAC  NRXN3  RDX  EXPH5  ATM  LYST  IFT43  ANO2  TRPV1  SLC35A3  NUP85  GRB2  CLTRN  AP1S2  SLC4A10  RAB3C    SPIDR  LYN  UBXN2B  ABCA4  PIBF1  RAB6A  PPARD  CHD7  TBC1D8B  SORCS2  TBC1D14  CASQ2  SLC9A1  FRMPD1  CORO2B  SLC22A3  VTN  CUX1  FRMD4A  VAV3  RYR2  SLC3A1  LDLRAP1  INSR  PPM1A  ATP12A  CTTNBP2NL  NKAIN3  GRID1  F2  NDFIP2  DPP6  CNGB3  PLCG2  CDH13  SLC26A7  HPS4  ALOX5  TRPC7  PCLO  RIC1  STK3  XPR1  MFSD2A  FBXL20  MACROH2A1  SFT2D2  LDLRAD3  RAF1  SEC24A  DTNBP1  STX8  VDAC1  RHBDD1  HSPA4  KCNH8  RAB31  SLCO5A1  ACTN4  WNK3  GNPTAB  SLC11A1  COLEC12  SEC63  RIMS2  CACNA2D3  SLC9C2  CARMIL1  GCC2  PCM1  SLC17A2  DNAH9  NRG1  ICE1  OSBPL1A  SCN3B  GRAMD1B  JHY  UBASH3B  EXOC6B  EPS15  APOB  STX7  SSC5D  GABRA1  SLC24A3  STAT3  ARHGAP21  TRAPPC10  ARFGEF1"
0.0472677096943035,164,3905,1.27072834180724,"GO:0071840 cellular component organization or biogenesis "," http://amigo.geneontology.org/amigo/term/GO:0071840"," MTPN  TEX11  EPB41L2  ABI1    CEP290  DCBLD2  TRPV4  ATG2B  LPAR3  IMPG2  LIPG  EXOC6  MAPK1  PTPN23  APAF1  DGKG  ATP8B1  NLRP6  PLCB1  IQGAP2  NDUFS4  SNX19  ACE2  VILL  GOLGA4  MFGE8  NEGR1  MCRS1  PRKDC  TSHR  CEP192  NRXN3  ADCK1  RDX  ATM  LYST  IFT43  NUP85  GRB2  PTPRJ  CLTRN  ZRSR2  ACVR1B  CLASP2  THSD4  SPIDR  RB1CC1  LYN  UBXN2B  ABCA4  PIBF1  ADAMTSL3  ABLIM2  PPP2R1A  CHD7  TBC1D14  SPTSSB  CASQ2  CORO2B  VTN  SORBS2  VAV3  CELF2  PAK6  LDLRAP1  SOS1  INSR  NEBL  PIFO  PPM1A  CLVS1  YTHDF3  TESMIN  SEMA3C  CCSER2  LDB3  MCMDC2  CKAP5  F2  ATG13  AMBRA1  DDX11  CLSTN2  GABPB1  STAG1  VIT  RPTOR  PLCG2  CDH13  IMPG1  HPS4  FRMPD2  HSD17B12  ARHGAP22  DIS3L2  TTLL6  NIPSNAP2  PISD  FMN1  DNAJC15  RET  PCLO  RIC1  STK3  KATNAL1  MFSD2A  MACROH2A1  TXNDC15  RAF1  CAP2  SEC24A  DTNBP1  JADE2  VDAC1  FSTL4  HSPA4  PHACTR1  NEDD9  PREX2  SRPK2  MTERF1  SULF1  RAB31  PTPRM  LAMA1  L3MBTL4  KRIT1  WNK3  GNPTAB  COLEC12  TNS1  LRP12  SMARCAL1  CSMD3  CARMIL1  GCC2  PCM1  TMEM182  NRG1  AXIN2  ICE1  ADAMTS16  GRAMD1B  JHY  PYROXD2  EXOC6B  HPSE2  EPS15  APOB  ALDH1A2  ARHGAP35  SHQ1  TLN2  STX7  SULF2  GABRA1  RETREG3  ARHGAP21  POLQ  ARFGEF1"
0.0477841402485317,25,358,2.11293865596355,"GO:0048589 developmental growth "," http://amigo.geneontology.org/amigo/term/GO:0048589"," LPAR3  FTO  PLCB1  GOLGA4  TSHR  ARID5B  ATM  SLC4A10  PPARD  CHD7  PAK6  SOS1  INSR  LATS2  FMN1  STK3  MFSD2A  JADE2  FSTL4  ZFPM2  RASAL2  TMEM182  TLL2  EVC  STAT3"
0.0479727079004715,22,299,2.22628827483196,"GO:0007507 heart development "," http://amigo.geneontology.org/amigo/term/GO:0007507"," MAPK1  PRKDC  ATM  RB1CC1  CHD7  SLC9A1  MAP2K5  SOS1  INSR  NEBL  PIFO  SEMA3C  MYO18B  SPRED1  STK3  NDUFV2  EYA1  ZFPM2  NRG1  AXIN2  ALDH1A2  ASXL1"
0.0479727079004715,28,423,2.00284606027221,"GO:0009792 embryo development ending in birth or egg hatching "," http://amigo.geneontology.org/amigo/term/GO:0009792"," ABI1  LRP6  MAPK1  PPP4R4  APAF1  ITPK1  CCDC62  SPECC1  PRKDC  ATM  GRB2  ACVR1B  CHD7  SEMA3C  AMBRA1  MYO18B  LATS2  STK3  GPR161  SULF1  EYA1  ZFPM2  AXIN2  PLXNA2  APOB  ALDH1A2  ARHGAP35  SULF2"
0.0479727079004715,87,1844,1.42753985636965,"GO:0065009 regulation of molecular function "," http://amigo.geneontology.org/amigo/term/GO:0065009"," AKAP13  ABI1  PTPRT  RALGPS1  LRP6  FGD4  MAPK1  FETUB  PPP4R4  AHSG  APAF1  MGAT5  PLCB1  IQGAP2  ACE2  TNNT3  TRAF3  STAC  DOCK1  ARID5B  RDX  SOS2  PLEKHG6  ARHGAP42  PTPRJ  CLTRN  MMP8  LYN  PPP2R2B  PIBF1  PPP2R1A  SPTSSB  CASQ2  SLC9A1  DELE1  VTN  VAV3  RSU1  RYR2  AGAP1  LDLRAP1  SOS1  INSR  PIFO  CTTNBP2NL  ASPH  CYTH1  F2  AMBRA1  DDX11  NDFIP2  SPRED1  LATS2  RPTOR  PLCG2  HPS4  ARHGAP22  RALGDS  SPON1  RIC1  CCNY  STK3  MACROH2A1  TIPRL  RAF1  DTNBP1  PPP2CA  IL34  PHACTR1  NEDD9  PREX2  ZFP91  SERPINB1  KRIT1  WNK3  SLC11A1  DNAJC24  RASAL2  NRG1  TBC1D15  SCN3B  UBASH3B  ARHGAP35  MARK3  STAT3  ARHGAP21  ARFGEF1"
0.0498094393555296,10,84,3.60205732778548,"GO:0008361 regulation of cell size "," http://amigo.geneontology.org/amigo/term/GO:0008361"," MTPN  LPAR3  GOLGA4  RDX  RB1CC1  VAV3  RPTOR  RET  FSTL4  WNK3"
0.0526166707099153,35,583,1.81647487884894,"GO:2000145 regulation of cell motility "," http://amigo.geneontology.org/amigo/term/GO:2000145"," PTPRT  TRPV4  MAPK1  PTPN23  MGAT5  PLCB1  TACR1  RDX  ATM  PTPRJ  ACVR1B  LYN  VTN  ZNF609  INSR  YTHDF3  SEMA3C  SPRED1  CPNE3  CDH13  TTLL6  RET  IL34  PHACTR1  NEDD9  SULF1  PTPRM  LAMA1  KRIT1  ACTN4  CARMIL1  PLXNA2  FOXP1  STK10  STAT3"
0.0526166707099153,45,814,1.67269984017557,"GO:0019220 regulation of phosphate metabolic process "," http://amigo.geneontology.org/amigo/term/GO:0019220"," BARD1  ABI1  PTPRT  LRP6  MAPK1  PPP4R4  MGAT5  NDUFS4  CTDSPL  PRKDC  PTPRJ  RB1CC1  LYN  PIBF1  VTN  VAV3  SOS1  INSR  PIFO  F2  AMBRA1  SPRED1  LATS2  RPTOR  PLCG2  RET  CCNY  MFSD2A  MACROH2A1  TIPRL  RAF1  DTNBP1  PPP2CA  IL34  NEDD9  ZFP91  WDFY2  WNK3  SLC11A1  NRG1  AXIN2  EPHA7  UBASH3B  STAT3  "
0.0526166707099153,22,304,2.18967169136433,"GO:0034762 regulation of transmembrane transport "," http://amigo.geneontology.org/amigo/term/GO:0034762"," KCNJ15  KCNQ3  SCN5A  ACE2  STAC  CLTRN  LYN  CHD7  CASQ2  SLC9A1  RYR2  INSR  CTTNBP2NL  F2  DPP6  PLCG2  VDAC1  KCNH8  WNK3  CACNA2D3  SCN3B  UBASH3B"
0.0526166707099153,36,604,1.80341413232174,"GO:0040012 regulation of locomotion "," http://amigo.geneontology.org/amigo/term/GO:0040012"," PTPRT  TRPV4  MAPK1  PTPN23  MGAT5  PLCB1  TACR1  TSHR  RDX  ATM  PTPRJ  ACVR1B  LYN  VTN  ZNF609  INSR  YTHDF3  SEMA3C  SPRED1  CPNE3  CDH13  TTLL6  RET  IL34  PHACTR1  NEDD9  SULF1  PTPRM  LAMA1  KRIT1  ACTN4  CARMIL1  PLXNA2  FOXP1  STK10  STAT3"
0.0526166707099153,41,721,1.72059437404899,"GO:0042325 regulation of phosphorylation "," http://amigo.geneontology.org/amigo/term/GO:0042325"," BARD1  ABI1  PTPRT  LRP6  MAPK1  NDUFS4  CTDSPL  PRKDC  PTPRJ  RB1CC1  LYN  PIBF1  VTN  VAV3  SOS1  INSR  PIFO  F2  AMBRA1  SPRED1  LATS2  RPTOR  PLCG2  RET  CCNY  MACROH2A1  RAF1  DTNBP1  PPP2CA  IL34  NEDD9  ZFP91  WDFY2  WNK3  SLC11A1  NRG1  AXIN2  EPHA7  UBASH3B  STAT3  "
0.0526166707099153,45,814,1.67269984017557,"GO:0051174 regulation of phosphorus metabolic process "," http://amigo.geneontology.org/amigo/term/GO:0051174"," BARD1  ABI1  PTPRT  LRP6  MAPK1  PPP4R4  MGAT5  NDUFS4  CTDSPL  PRKDC  PTPRJ  RB1CC1  LYN  PIBF1  VTN  VAV3  SOS1  INSR  PIFO  F2  AMBRA1  SPRED1  LATS2  RPTOR  PLCG2  RET  CCNY  MFSD2A  MACROH2A1  TIPRL  RAF1  DTNBP1  PPP2CA  IL34  NEDD9  ZFP91  WDFY2  WNK3  SLC11A1  NRG1  AXIN2  EPHA7  UBASH3B  STAT3  "
0.0573528125901668,16,192,2.52144012944984,"GO:0006470 protein dephosphorylation "," http://amigo.geneontology.org/amigo/term/GO:0006470"," PTPRT  PTPN23  PPP4R4  MGAT5  CDC14A  PTPRJ  PTPRE  PPP2R1A  PPM1A  CTTNBP2NL  AMBRA1  TIPRL  PPP2CA  EYA1  PTPRM  UBASH3B"
0.0573528125901668,33,546,1.8287367971834,"GO:0030334 regulation of cell migration "," http://amigo.geneontology.org/amigo/term/GO:0030334"," PTPRT  TRPV4  MAPK1  PTPN23  MGAT5  PLCB1  RDX  ATM  PTPRJ  ACVR1B  LYN  VTN  ZNF609  INSR  YTHDF3  SEMA3C  SPRED1  CPNE3  CDH13  RET  IL34  PHACTR1  NEDD9  SULF1  PTPRM  LAMA1  KRIT1  ACTN4  CARMIL1  PLXNA2  FOXP1  STK10  STAT3"
0.0573528125901668,52,990,1.5892713543199,"GO:0048870 cell motility "," http://amigo.geneontology.org/amigo/term/GO:0048870"," PTPRT  CSF3R  TRPV4  MAPK1  PTPN23  TTC21A  MGAT5  PLCB1  SLC9B2  TACR1  ITGA9  DOCK1  ARID5B  RDX  ATM  NUP85  PTPRJ  ACVR1B  LYN  PPARD  VTN  VAV3  ZNF609  INSR  YTHDF3  SEMA3C  SPRED1  CPNE3  CDH13  TTLL6  ALOX5  RET  IL34  PHACTR1  NEDD9  SULF1  RELN  PTPRM  LAMA1  KRIT1  ACTN4  TNS1  LRP12  CARMIL1  PCM1  PLXNA2  APOB  ARHGAP35  FOXP1  STK10  STAT3  "
0.0573528125901668,52,990,1.5892713543199,"GO:0051674 localization of cell "," http://amigo.geneontology.org/amigo/term/GO:0051674"," PTPRT  CSF3R  TRPV4  MAPK1  PTPN23  TTC21A  MGAT5  PLCB1  SLC9B2  TACR1  ITGA9  DOCK1  ARID5B  RDX  ATM  NUP85  PTPRJ  ACVR1B  LYN  PPARD  VTN  VAV3  ZNF609  INSR  YTHDF3  SEMA3C  SPRED1  CPNE3  CDH13  TTLL6  ALOX5  RET  IL34  PHACTR1  NEDD9  SULF1  RELN  PTPRM  LAMA1  KRIT1  ACTN4  TNS1  LRP12  CARMIL1  PCM1  PLXNA2  APOB  ARHGAP35  FOXP1  STK10  STAT3  "
0.0573528125901668,6,33,5.50132391879965,"GO:0060324 face development "," http://amigo.geneontology.org/amigo/term/GO:0060324"," MAPK1  CSRNP1  ARID5B  CHD7  RAF1  ALDH1A2"
0.0573528125901668,38,657,1.75004063779167,"GO:0060429 epithelium development "," http://amigo.geneontology.org/amigo/term/GO:0060429"," ABI1  MAPK1  APAF1  ITPK1  PLCB1  PRKDC  RDX  EXPH5  ATM  GRB2  ACVR1B  CHD7  SOS1  PIFO  SEMA3C  AMBRA1  SPRED1  LATS2  FMN1  RET  STK3  ALOX15B  MFSD2A  GPR161  MACROH2A1  VDAC1  SULF1  EYA1  LAMA1  NRG1  AXIN2  ADAMTS16  PLXNA2  JHY  ALDH1A2  ARHGAP35  FOXP1  ASXL1"
0.0575031425850385,24,352,2.06299646954987,"GO:0007169 transmembrane receptor protein tyrosine kinase signaling pathway "," http://amigo.geneontology.org/amigo/term/GO:0007169"," PTPRT  MAPK1  CSRNP1  PLCB1  ARID5B  GRB2  PTPRJ  LYN  GAB2  SOS1  INSR  EPHA6  FGF9  CPNE3  CDH13  RET  RAF1  FSTL4  SULF1  NRG1  EPHA7  UBASH3B  SULF2  STAT3"
0.0575031425850385,99,2188,1.36904518911627,"GO:0065008 regulation of biological quality "," http://amigo.geneontology.org/amigo/term/GO:0065008"," MTPN  IGF2BP3  ELOVL6  KCNQ3  TRPV4  LPAR3  FTO  LIPG  GRIA1  MAPK1  ADRA1A  CCR8  SCN5A  CYP11A1  ATP8B1  SLC9B2  TACR1  SNX19  ACE2  GOLGA4  KDM8  PRKDC  TSHR  HEPHL1  NRXN3  RDX  SOS2  HKDC1  TRPV1  GRB2  PTPRJ  CLTRN  SLC4A10  ACVR1B  RB1CC1  LYN  ABCA4  CHD7  SORCS2  CASQ2  SLC9A1  CORO2B  SLC22A3  VAV3  RYR2  TTC7A  LDLRAP1  SOS1  INSR  CA12  NPR3  YTHDF3  F2  AMBRA1  CLSTN2  RPTOR  PLCG2  IARS1  HPS4  ARHGAP22  TRIM24  CDIN1  DIS3L2  TTLL6  FMN1  ALOX5  RET  PCLO  STK3  XPR1  MFSD2A  FBXL20  ADAM22  RAF1  DTNBP1  FSTL4  NEDD9  KRIT1  WNK3  SLC11A1  RIMS2  PRMT3  CARMIL1  AXIN2  SCN3B  GRAMD1B  UBASH3B  APOB  ALDH1A2  SORCS3  ARHGAP35  NBEA  H6PD  ASXL1  GABRA1  PCSK2  SLC24A3  STAT3  ARFGEF1"
0.0586895928301612,31,504,1.86106295268917,"GO:0040007 growth "," http://amigo.geneontology.org/amigo/term/GO:0040007"," DCBLD2  LPAR3  FTO  PLCB1  GOLGA4  TSHR  ARID5B  ATM  PTPRJ  SLC4A10  ACVR1B  PPARD  CHD7  PAK6  SOS1  INSR  F2  LATS2  RPTOR  FMN1  STK3  ALOX15B  MFSD2A  JADE2  FSTL4  ZFPM2  RASAL2  TMEM182  TLL2  EVC  STAT3"
0.0611479593356876,50,948,1.5958481831961,"GO:0016192 vesicle-mediated transport "," http://amigo.geneontology.org/amigo/term/GO:0016192"," RIMS3  LRP6  EXOC6  GRIA1  MAPK1  PTPN23  AHSG  SLC9B2  GOLGA4  MFGE8  NRXN3  RDX  EXPH5  LYST  GRB2  CLTRN  AP1S2  RAB3C  LYN  RAB6A  TBC1D8B  TBC1D14  VTN  CUX1  VAV3  LDLRAP1  INSR  PLCG2  CDH13  HPS4  PCLO  RIC1  MFSD2A  FBXL20  SFT2D2  LDLRAD3  SEC24A  DTNBP1  STX8  RAB31  SLC11A1  COLEC12  RIMS2  CARMIL1  GCC2  EXOC6B  EPS15  STX7  SSC5D  TRAPPC10"
0.0669407321397465,128,2983,1.29833457553971,"GO:0006810 transport "," http://amigo.geneontology.org/amigo/term/GO:0006810"," IGF2BP3  KCNJ15  BARD1  RIMS3  PANX3  KCNQ3  OSBPL10  CEP290  TRPV4  CLCA1  LRP6  ATG2B  LIPG  EXOC6  SLC35F1  GRIA1  MAPK1  PTPN23  AHSG  SCN5A  ATP8B1  SLC9B2  SLC49A3  SNX19  ACE2  GOLGA4  MFGE8  STAC  NRXN3  RDX  EXPH5  LYST  IFT43  ANO2  TRPV1  SLC35A3  NUP85  GRB2  CLTRN  AP1S2  SLC4A10  RAB3C    LYN  ABCA4  RAB6A  PPARD  CHD7  TBC1D8B  SORCS2  TBC1D14  CASQ2  SLC9A1  SLC22A3  VTN  CUX1  FRMD4A  VAV3  RYR2  SLC3A1  LDLRAP1  INSR  PPM1A  ATP12A  CTTNBP2NL  NKAIN3  GRID1  F2  NDFIP2  DPP6  CNGB3  PLCG2  CDH13  SLC26A7  HPS4  ALOX5  TRPC7  PCLO  RIC1  STK3  XPR1  MFSD2A  FBXL20  SFT2D2  LDLRAD3  RAF1  SEC24A  DTNBP1  STX8  VDAC1  RHBDD1  HSPA4  KCNH8  RAB31  SLCO5A1  ACTN4  WNK3  GNPTAB  SLC11A1  COLEC12  SEC63  RIMS2  CACNA2D3  SLC9C2  CARMIL1  GCC2  PCM1  SLC17A2  DNAH9  NRG1  ICE1  OSBPL1A  SCN3B  GRAMD1B  JHY  UBASH3B  EXOC6B  EPS15  APOB  STX7  SSC5D  GABRA1  SLC24A3  STAT3  ARHGAP21  TRAPPC10  ARFGEF1"
0.0669407321397465,73,1526,1.44743221061472,"GO:0051239 regulation of multicellular organismal process "," http://amigo.geneontology.org/amigo/term/GO:0051239"," MTPN  ELOVL6  PANX3  CSF3R  TRPV4  LPAR3  FTO  LIPG  MAPK1  PTPN23  ADRA1A  CADM1  USF3  AHSG  SCN5A  PLCB1  SLC9B2  TACR1  ACE2  TNNT3  TRAF3  GOLGA4  MCRS1  PRKDC  TSHR  SOS2  ACVR1B  MMP8  LYN  PIBF1  PPARD  CHD7  CASQ2  SLC9A1  CORO2B  RYR2  LDLRAP1  SOS1  INSR  NPR3  F2  AMBRA1  CLSTN2  SPRED1  LATS2  PLCG2  ALOX5  RET  PDCD1LG2  STK3  ALOX15B  MFSD2A  MACROH2A1  JADE2  PPP2CA  IL34  FSTL4  NEDD9  SULF1  PTPRM  LAMA1  SERPINB1  KRIT1  SLC11A1  ZFPM2  PCM1  AXIN2  SCN3B  UBASH3B  FOXP1  SULF2  SSC5D  STAT3"
0.071498557513086,7,48,4.41252022653722,"GO:0006942 regulation of striated muscle contraction "," http://amigo.geneontology.org/amigo/term/GO:0006942"," ADRA1A  SCN5A  ACE2  TNNT3  CASQ2  SLC9A1  RYR2"
0.0716575980274255,112,2559,1.32427336224329,"GO:0006464 cellular protein modification process "," http://amigo.geneontology.org/amigo/term/GO:0006464"," BARD1  ABI1  PTPRT  MYO3A  ST3GAL1  STK35  LRP6  DCUN1D4  ST8SIA5  MAPK1  PTPN23  LNX1  KLHL18  PPP4R4  USP22  MGAT5  NDUFS4  BMX  CTDSPL  KDM8  FANCI  MCRS1  PRKDC  ALG9  SIK2  ADCK1    CAMKK1  ATM  DPH5  EXTL2  CDC14A  FBXL2  PTPRJ  ACVR1B  PTPRE  RB1CC1  LYN  PIBF1  RAB6A  PPP2R1A  RNFT2  MAP2K5  VTN  STAMBPL1  ZDHHC14  PAK6  SOS1  INSR  PPM1A  EPHA6  CTTNBP2NL  ASPH  CASK  SGK3  F2  ATG13  AMBRA1  NDFIP2  SPRED1  LATS2  WWP1  RPTOR  PLCG2  TRIM24  DPH6  TTLL6  RNF144B  RET  CCNY  STK3  PPIE  MACROH2A1  TIPRL  RAF1  NEK11  DTNBP1  JADE2  CDKL3  PPP2CA  IL34  RHBDD1  NEDD9  UBE3D  ZFP91  SRPK2  CDK14  WDFY2  EYA1  PTPRM  LAMA1  ANKIB1  WNK3  USP37  NEK10  SLC11A1  PRMT3  COP1  NRG1  AXIN2  EPHA7  GALNTL6  UBASH3B  STK32B  OTUD7A  ASXL1  STK10  MARK3  ARFGEF1"
0.0716575980274255,46,863,1.61278673401658,"GO:0006629 lipid metabolic process "," http://amigo.geneontology.org/amigo/term/GO:0006629"," ELOVL6  FAR2  ST3GAL1  LIPG  HMGCLL1  DGKG  CYP11A1  ATP8B1  PLCB1  PLCD1  ATM  TRPV1  ACSM1  SPTLC3  GPAT3  SERINC2  PLPP1  LYN  INPP5A  ABCA4  PIBF1  PPARD  SPTSSB  VAV3  PGS1  ENPP6  F2  AMBRA1  PLCG2  CYP2J2  AGPS  PISD  DNAJC15  ALOX5  ALOX15B  MFSD2A  MACROH2A1  ELOVL2  NCOA2  PRMT3  PLCL1  AOX1  APOB  PIK3C2A  ALDH1A2  H6PD"
0.0716575980274255,112,2561,1.32323917765739,"GO:0036211 protein modification process "," http://amigo.geneontology.org/amigo/term/GO:0036211"," BARD1  ABI1  PTPRT  MYO3A  ST3GAL1  STK35  LRP6  DCUN1D4  ST8SIA5  MAPK1  PTPN23  LNX1  KLHL18  PPP4R4  USP22  MGAT5  NDUFS4  BMX  CTDSPL  KDM8  FANCI  MCRS1  PRKDC  ALG9  SIK2  ADCK1    CAMKK1  ATM  DPH5  EXTL2  CDC14A  FBXL2  PTPRJ  ACVR1B  PTPRE  RB1CC1  LYN  PIBF1  RAB6A  PPP2R1A  RNFT2  MAP2K5  VTN  STAMBPL1  ZDHHC14  PAK6  SOS1  INSR  PPM1A  EPHA6  CTTNBP2NL  ASPH  CASK  SGK3  F2  ATG13  AMBRA1  NDFIP2  SPRED1  LATS2  WWP1  RPTOR  PLCG2  TRIM24  DPH6  TTLL6  RNF144B  RET  CCNY  STK3  PPIE  MACROH2A1  TIPRL  RAF1  NEK11  DTNBP1  JADE2  CDKL3  PPP2CA  IL34  RHBDD1  NEDD9  UBE3D  ZFP91  SRPK2  CDK14  WDFY2  EYA1  PTPRM  LAMA1  ANKIB1  WNK3  USP37  NEK10  SLC11A1  PRMT3  COP1  NRG1  AXIN2  EPHA7  GALNTL6  UBASH3B  STK32B  OTUD7A  ASXL1  STK10  MARK3  ARFGEF1"
0.0716575980274255,23,341,2.04081371181277,"GO:0043269 regulation of ion transport "," http://amigo.geneontology.org/amigo/term/GO:0043269"," KCNJ15  KCNQ3  SCN5A  ATP8B1  ACE2  STAC  CLTRN  LYN  CHD7  CASQ2  SLC9A1  RYR2  NKAIN3  F2  DPP6  PLCG2  DTNBP1  VDAC1  KCNH8  WNK3  CACNA2D3  SCN3B  UBASH3B"
0.0716575980274255,84,1820,1.39648991784914,"GO:0051641 cellular localization "," http://amigo.geneontology.org/amigo/term/GO:0051641"," EPB41L2  BARD1  KCNQ3  CEP290  TRPV4  LRP6  EXOC6  BBS9  MAPK1  PTPN23  TSPAN5  SLC9B2  SNX19  GOLGA4  STAC  MCRS1  CEP192  NRXN3  RDX  EXPH5  ATM  LYST  IFT43  ANO2  FYB1  TRPV1  NUP85  CLTRN  AP1S2  RAB3C  SPIDR  LYN  UBXN2B  PIBF1  RAB6A  CHD7  SORCS2  TBC1D14  CASQ2  FRMPD1  SLC22A3  RYR2  TTC7A  LDLRAP1  PPM1A  F2  NDFIP2  LATS2  PLCG2  CDH13  HPS4  PCLO  RIC1  STK3  FBXL20  MACROH2A1  ADAM22  RAF1  SEC24A  DTNBP1  STX8  RHBDD1  HSPA4  RAB31  ACTN4  WNK3  GNPTAB  SLC11A1  SEC63  RIMS2  GCC2  PCM1  DNAH9  ICE1  SCN3B  JHY  UBASH3B  EXOC6B  EPS15  APOB  STX7  STAT3    ARHGAP21"
0.0718688045308866,9,78,3.49122479462285,"GO:0010811 positive regulation of cell-substrate adhesion "," http://amigo.geneontology.org/amigo/term/GO:0010811"," PTPRJ  VTN  RSU1  VIT  CDH13  HSD17B12  FMN1  NEDD9  CARMIL1"
0.0718688045308866,6,36,5.04288025889968,"GO:0055117 regulation of cardiac muscle contraction "," http://amigo.geneontology.org/amigo/term/GO:0055117"," ADRA1A  SCN5A  ACE2  CASQ2  SLC9A1  RYR2"
0.0739450829903607,117,2703,1.30969365214487,"GO:0043412 macromolecule modification "," http://amigo.geneontology.org/amigo/term/GO:0043412"," BARD1  ABI1  PTPRT  MYO3A  ST3GAL1  STK35  LRP6  DCUN1D4  FTO  ST8SIA5  MAPK1  PTPN23  LNX1  KLHL18  PPP4R4  USP22  MGAT5  NDUFS4  BMX  CTDSPL  KDM8  FANCI  MCRS1  PRKDC  ALG9  SIK2  ADCK1    CAMKK1  ATM  DPH5  EXTL2  CDC14A  FBXL2  PTPRJ  ACVR1B  PTPRE  CDKAL1  RB1CC1  TGS1  LYN  PIBF1  RAB6A  PPP2R1A  DUS3L  RNFT2  MAP2K5  VTN  STAMBPL1  ZDHHC14  PAK6  SOS1  INSR  PPM1A  EPHA6  CTTNBP2NL  ASPH  CASK  SGK3  F2  ATG13  AMBRA1  NDFIP2  SPRED1  LATS2  WWP1  RPTOR  PLCG2  TRIM24  DPH6  TTLL6  RNF144B  RET  CCNY  STK3  PPIE  MACROH2A1  TIPRL  RAF1  NEK11  DTNBP1  JADE2  CDKL3  PPP2CA  IL34  RHBDD1  NEDD9  UBE3D  ZFP91  SRPK2  CDK14  WDFY2  EYA1  PTPRM  LAMA1  ANKIB1  WNK3  USP37  NEK10  SLC11A1  PRMT3  COP1  NRG1  AXIN2  EPHA7  GALNTL6  TRMT1L  UBASH3B  STK32B  OTUD7A  ASXL1  STK10  MARK3  ARFGEF1"
0.0740058980219485,13,146,2.69414150817928,"GO:0046777 protein autophosphorylation "," http://amigo.geneontology.org/amigo/term/GO:0046777"," MYO3A  BMX  SIK2  ATM  ACVR1B  RB1CC1  LYN  INSR  ATG13  TRIM24  WNK3  STK10  MARK3"
0.0747469201041508,46,870,1.59981028903024,"GO:0016477 cell migration "," http://amigo.geneontology.org/amigo/term/GO:0016477"," PTPRT  CSF3R  TRPV4  MAPK1  PTPN23  MGAT5  PLCB1  ITGA9  DOCK1  ARID5B  RDX  ATM  NUP85  PTPRJ  ACVR1B  LYN  PPARD  VTN  VAV3  ZNF609  INSR  YTHDF3  SEMA3C  SPRED1  CPNE3  CDH13  ALOX5  RET  IL34  PHACTR1  NEDD9  SULF1  RELN  PTPRM  LAMA1  KRIT1  ACTN4  TNS1  LRP12  CARMIL1  PCM1  PLXNA2  ARHGAP35  FOXP1  STK10  STAT3"
0.0747469201041508,57,1139,1.51419231654406,"GO:0048468 cell development "," http://amigo.geneontology.org/amigo/term/GO:0048468"," TEX11  ABI1  LPAR3  MAPK1  DGKG  TTC21A  ATP8B1  PLCB1  SLC9B2  GOLGA4  NEGR1  PRKDC  TSHR  ARID5B  RDX  EXPH5  ATM  SLC4A10  LYN  PPP2R1A  CHD7  PAK6  NEBL  SEMA3C  LDB3  F2  MYO18B  LATS2  TOPAZ1  RET  MFSD2A  ADAM22  DTNBP1  JADE2  IL34  FSTL4  PHACTR1  AFF4  NEDD9  PREX2  SULF1  PTPRM  LAMA1  ACTN4  LRP12  CSMD3  CARMIL1  PCM1  TMEM182  AXIN2  ALDH1A2  ARHGAP35  FOXP1  ASXL1  SULF2  RETREG3  "
0.0748535468778071,7,50,4.23601941747573,"GO:0035282 segmentation "," http://amigo.geneontology.org/amigo/term/GO:0035282"," ABI1  PRKDC  ATM  SEMA3C  AXIN2  PLXNA2  ALDH1A2"
0.0748535468778071,7,50,4.23601941747573,"GO:0061053 somite development "," http://amigo.geneontology.org/amigo/term/GO:0061053"," ABI1  PRKDC  ATM  SEMA3C  AXIN2  PLXNA2  ALDH1A2"
0.077301947537703,189,4716,1.21260097828504,"GO:0032501 multicellular organismal process "," http://amigo.geneontology.org/amigo/term/GO:0032501"," MTPN  TEX11  ELOVL6  ABI1  PANX3  CSF3R  MYO3A  CMTM7  ST3GAL1  TRPV4  LRP6  LPAR3  FTO  IMPG2  LIPG  GRIA1  MAPK1  PTPN23  ADRA1A  RBFOX1  CADM1  OTOGL  USF3  PPP4R4  AHSG  APAF1  DGKG  SPATA5  CSRNP1  TTC21A  ITPK1  SCN5A  CCDC62  ATP8B1  PLCB1  SLC9B2  NDUFS4  PIR  TACR1  SNX19  ACE2  TNNT3  TRAF3  GOLGA4  KDM8  STAC  NEGR1  DOCK1  MCRS1  SPECC1  PRKDC  TSHR  ARID5B  NRXN3  SOS2  ATM  TRPV1  AFF3  CDC14A    OR8D1  OR8G5  OR10D3  UBP1  NUP85  GRB2  PTPRJ  SLC4A10  ACVR1B  DPF3  MMP8  RB1CC1  LYN  ABCA4  PIBF1  PPARD  PPP2R1A  CHD7  TBC1D8B  GAB2  CASQ2  SLC9A1  CORO2B  MAP2K5  VTN  RYR2  ZNF609  PAK6  TTC7A  LDLRAP1  SOS1  INSR  NEBL  PIFO  NPR3  YTHDF3  TESMIN  SEMA3C  F2  AMBRA1  CLSTN2  MYO18B  SPRED1  LATS2  FGF9  VIT  CNGB3  PLCG2  TOPAZ1  CDH13  IMPG1  SLC26A7  HPS4  CDIN1  DIS3L2  FMN1  ALOX5  RET  PCLO  PDCD1LG2  STK3  KATNAL1  ALOX15B  MFSD2A  FBXL20  GPR161  MACROH2A1  ADAM22  RAF1  DTNBP1  JADE2  PPP2CA  IL34  TCF7  VDAC1  RHBDD1  FSTL4  PHACTR1  AFF4  NEDD9  PREX2  SULF1  NCOA2  NDUFV2  EYA1  RELN  PTPRM  LAMA1  SERPINB1  KRIT1  TRAPPC9  SLC11A1  LRP12  ZFPM2  CSMD3  PAPPA2  RASAL2  FGL1  PCM1  DNAH9  NRG1  AXIN2  ADAMTS16  PLXNA2  SCN3B  JHY  UBASH3B  JAKMIP1  EVC  APOB  ALDH1A2  SORCS3  ARHGAP35  FOXP1  ASXL1  SULF2  SSC5D  OR52N5  GABRA1  PCSK2  SLC24A3  STAT3  RETREG3  POLQ"
0.0789402146256471,61,1245,1.48248528092954,"GO:0006928 movement of cell or subcellular component "," http://amigo.geneontology.org/amigo/term/GO:0006928"," PTPRT  CSF3R  TRPV4  MAPK1  PTPN23  TTC21A  SCN5A  MGAT5  PLCB1  SLC9B2  KIF6  TACR1  ITGA9  DOCK1  ARID5B  RDX  ATM  IFT43  NUP85  PTPRJ  ACVR1B  LYN  PPARD  VTN  VAV3  RYR2  ZNF609  INSR  YTHDF3  SEMA3C  SPRED1  CPNE3  CDH13  TTLL6  ALOX5  RET  DTNBP1  IL34  PHACTR1  NEDD9  SULF1  RELN  PTPRM  LAMA1  KRIT1  ACTN4  TNS1  LRP12  CARMIL1  PCM1  DNAH9  PLXNA2  SCN3B  JHY  APOB  ARHGAP35  FOXP1  STK10  STAT3    ARHGAP21"
0.0791807637602109,55,1096,1.51838547941322,"GO:0040011 locomotion "," http://amigo.geneontology.org/amigo/term/GO:0040011"," PTPRT  CSF3R  TRPV4  MAPK1  PTPN23  CCR8  TTC21A  MGAT5  PLCB1  SLC9B2  TACR1  ITGA9  DOCK1  TSHR  ARID5B  RDX  ATM  NUP85  PTPRJ  ACVR1B  LYN    PPARD  VTN  VAV3  ZNF609  INSR  YTHDF3  SEMA3C  SPRED1  CPNE3  CDH13  TTLL6  ALOX5  RET  IL34  PHACTR1  NEDD9  SULF1  RELN  PTPRM  LAMA1  KRIT1  ACTN4  TNS1  LRP12  CARMIL1  PCM1  PLXNA2  APOB  ARHGAP35  FOXP1  STK10  STAT3"
0.0795131106214664,24,370,1.96263447913933,"GO:0008285 negative regulation of cell population proliferation "," http://amigo.geneontology.org/amigo/term/GO:0008285"," SKAP2  DLEC1  ATM  PTPRJ  RB1CC1  LYN  PPARD  CASK  ATG13  AMBRA1  CDH13  TRIM24  DIS3L2  ALOX5  PDCD1LG2  STK3  ALOX15B  RAF1  SULF1  PTPRM  KRIT1  AXIN2  ALDH1A2  STAT3"
0.0795131106214664,64,1323,1.46369313636997,"GO:0051649 establishment of localization in cell "," http://amigo.geneontology.org/amigo/term/GO:0051649"," BARD1  KCNQ3  CEP290  TRPV4  EXOC6  MAPK1  PTPN23  SLC9B2  SNX19  NRXN3  RDX  EXPH5  ATM  LYST  IFT43  ANO2  TRPV1  NUP85  CLTRN  AP1S2  RAB3C  LYN  UBXN2B  PIBF1  RAB6A  CHD7  SORCS2  TBC1D14  CASQ2  SLC22A3  RYR2  LDLRAP1  PPM1A  F2  NDFIP2  PLCG2  HPS4  PCLO  RIC1  STK3  FBXL20  RAF1  SEC24A  DTNBP1  STX8  RHBDD1  HSPA4  ACTN4  GNPTAB  SLC11A1  SEC63  RIMS2  GCC2  PCM1  DNAH9  ICE1  JHY  UBASH3B  EXOC6B  EPS15  APOB  STX7  STAT3  ARHGAP21"
0.0824045860574635,8,66,3.66754927919976,"GO:1904064 positive regulation of cation transmembrane transport "," http://amigo.geneontology.org/amigo/term/GO:1904064"," ACE2  STAC  CLTRN  SLC9A1  RYR2  F2  PLCG2  WNK3"
0.0859863592544194,12,133,2.72998029053216,"GO:0010810 regulation of cell-substrate adhesion "," http://amigo.geneontology.org/amigo/term/GO:0010810"," PTPRJ  CORO2B  VTN  RSU1  CASK  VIT  CDH13  HSD17B12  FMN1  NEDD9  ACTN4  CARMIL1"
0.0859863592544194,4,16,7.56432038834951,"GO:0003094 glomerular filtration "," http://amigo.geneontology.org/amigo/term/GO:0003094"," TBC1D8B  CORO2B  SULF1  SULF2"
0.0859863592544194,4,16,7.56432038834951,"GO:1901570 fatty acid derivative biosynthetic process "," http://amigo.geneontology.org/amigo/term/GO:1901570"," ELOVL6  HMGCLL1  ALOX5  ALOX15B"
0.0865703239488106,36,645,1.68877850530594,"GO:0001932 regulation of protein phosphorylation "," http://amigo.geneontology.org/amigo/term/GO:0001932"," ABI1  PTPRT  LRP6  MAPK1  NDUFS4  CTDSPL  PRKDC  PTPRJ  RB1CC1  LYN  PIBF1  VTN  SOS1  INSR  F2  SPRED1  LATS2  RPTOR  PLCG2  RET  CCNY  MACROH2A1  RAF1  DTNBP1  PPP2CA  IL34  NEDD9  ZFP91  WDFY2  WNK3  SLC11A1  NRG1  AXIN2  EPHA7  UBASH3B  "
0.0866691749055168,134,3197,1.26821261437452,"GO:0048519 negative regulation of biological process "," http://amigo.geneontology.org/amigo/term/GO:0048519"," MTPN  RBMS3  TEX11  IGF2BP3  BARD1  APBB2  PTPRT  NCOR2  ST3GAL1  SKAP2  DCBLD2  TRPV4  LRP6  FTO  CTIF  GRIA1  MAPK1  PTPN23  USF3  FETUB  PPP4R4  AHSG  DGKG  TUT7  MGAT5  ATP8B1  PLCB1    DLEC1  SND1  TSNAX  CTDSPL  KDM8  PRKDC  ARID5B  ADCK1  RDX  ATM  TRPV1  UBP1  PTPRJ  ACVR1B  MMP8  RB1CC1  LYN  UBXN2B  INPP5A  PIBF1  KLF12  HTRA3  PPARD  CHD7  SORCS2  TBC1D14  CASQ2  CORO2B  VTN  FRMD4A  RYR2  TNRC6C  NPR3  PPM1A  CTTNBP2NL  PSPC1  YTHDF3  CASK  SGK3  F2  ATG13  AMBRA1  NDFIP2  SPRED1  LATS2  WWP1  PLCG2  CDH13  TRIM24  DIS3L2  DNAJC15  ALOX5  RNF144B  SPON1  RIC1  PDCD1LG2  STK3  ALOX15B  MFSD2A  GPR161  MACROH2A1  TIPRL  RAF1  NEK11  DTNBP1  PPP2CA  VDAC1  RHBDD1  RANBP9  FSTL4  NEDD9  SRPK2  SULF1  NCOA2  EYA1  PTPRM  SERPINB1  KRIT1  ACTN4  WNK3  SLC11A1  ZFPM2  PRMT3  CARMIL1  PCM1  TMEM182  NRG1  AXIN2  TLL2  PAIP2B  ZNF202  UBASH3B  ALDH1A2  SORCS3  ARHGAP35  FOXP1  SHQ1  ASXL1  SULF2  SSC5D  MARK3  SLC24A3  STAT3  POLQ  ARFGEF1"
0.0867187129653419,88,1960,1.35849019219338,"GO:0010646 regulation of cell communication "," http://amigo.geneontology.org/amigo/term/GO:0010646"," RBMS3  AKAP13  PTPRT  NCOR2  RALGPS1  TRPV4  LPAR3  GRIA1  MAPK1  PTPN23  ADRA1A  APAF1  DGKG  TSPAN5  MGAT5  NLRP6  PLCB1  SLC9B2  MOB3B  ACE2  NRXN3  ATM  FBXL2  GRB2  PTPRJ  SLC4A10  ACVR1B  GPAT3  MMP8  RB1CC1  LYN  PIBF1  HTRA3  PPARD  PPP2R1A  CHD7  SORCS2  CASQ2  SLC9A1  FRMPD1  RYR2  INSR  PPM1A  CYTH1  SGK3  F2  CLSTN2  SPRED1  LATS2  RPTOR  PLCG2  CDH13  TRIM24  ALOX5  RET  CCNY  STK3  ALOX15B  FBXL20  GPR161  TXNDC15  RAF1  DTNBP1  PPP2CA  IL34  RANBP9  FSTL4  CDK14  SULF1  EYA1  ACTN4  SCUBE1  PLCL1  NRG1  AXIN2  EPHA7  UBASH3B  EVC  SORCS3  ARHGAP35  SHOC2  FOXP1  ASXL1  SULF2  MARK3  STAT3  TTC23  ARFGEF1"
0.0867187129653419,167,4124,1.22525849161432,"GO:0019222 regulation of metabolic process "," http://amigo.geneontology.org/amigo/term/GO:0019222"," RBMS3  IGF2BP3  ELOVL6  BARD1  ABI1  APBB2  PTPRT  PANX3  NCOR2  CEP290  TRPV4  LRP6  DCUN1D4  FTO  CTIF  LIPG  MAPK1  RBFOX1  CADM1  USF3  FETUB  PPP4R4  AHSG  APAF1  CSRNP1  TUT7  USP22  CCDC62  MGAT5  ATP8B1  PLCB1    NDUFS4  PIR  SND1  TSNAX  CTDSPL  TRAF3  KDM8  LRRFIP2  FANCI  MCRS1  PRKDC  TSHR  ARID5B  RDX  ATM  TRPV1  AFF3  DPH5  FBXL2  UBP1  GRB2  PTPRJ  ACVR1B  MMP8  SPIDR  RB1CC1  LYN  PIBF1  KLF12  NPAS3  ZNF577  PPARD  CHD7  DUS3L  RNFT2  TBC1D14  SLC9A1  DELE1  MBNL1  VTN  VAV3  ZNF609  AGXT2  SOS1  INSR  TNRC6C  PIFO  NPR3  PPM1A  PSPC1  ASPH  YTHDF3  F2  ATG13  AMBRA1  DDX11  NDFIP2  SPRED1  GABPB1  EEFSEC  ZNF704  LATS2  WWP1  RPTOR  PLCG2  CDH13  TRIM24  DPH6  DIS3L2  DNAJC15  ALOX5  RET  SPON1  RIC1  PDCD1LG2  DCAF6  CCNY  STK3  ALOX15B  MFSD2A  FBXL20  PPIE  MACROH2A1  TIPRL  PCBD2  LDLRAD3  RAF1  DTNBP1  PPP2CA  IL34  TCF7  VDAC1  RHBDD1  AFF4  NEDD9  ZFP91  MTERF1  SULF1  NCOA2  WDFY2  EYA1  SERPINB1  L3MBTL4  ACTN4  WNK3  USP37  SLC11A1  ZFPM2  PRMT3  SMARCAL1  COP1  RASAL2  NRG1  AXIN2  ICE1  PAIP2B  EPHA7  ZNF202  UBASH3B  RXRG  APOB  ALDH1A2  FOXP1  SHQ1  H6PD  ASXL1  TSHZ2  SULF2  SSC5D  SLC24A3  STAT3  POLQ"
0.0867187129653419,46,885,1.57269486040261,"GO:0042127 regulation of cell population proliferation "," http://amigo.geneontology.org/amigo/term/GO:0042127"," SKAP2  FTO  MAPK1  DLEC1  NDUFS4  PRKDC  SOS2  ATM  PTPRJ  RB1CC1  LYN  PPARD  GAB2  VAV3  ZNF609  LDLRAP1  SOS1  INSR  NPR3  CASK  F2  ATG13  AMBRA1  FGF9  CDH13  TRIM24  DIS3L2  ALOX5  PDCD1LG2  STK3  ALOX15B  RAF1  IL34  SRPK2  SULF1  EYA1  PTPRM  KRIT1  ZFPM2  NRG1  AXIN2  HPSE2  ALDH1A2  FOXP1  SULF2  STAT3"
0.0867187129653419,75,1616,1.40426739882726,"GO:0051246 regulation of protein metabolic process "," http://amigo.geneontology.org/amigo/term/GO:0051246"," ABI1  PTPRT  LRP6  DCUN1D4  FTO  CTIF  LIPG  MAPK1  FETUB  PPP4R4  AHSG  APAF1  MGAT5  PLCB1  NDUFS4  CTDSPL  TRAF3  FANCI  MCRS1  PRKDC  RDX  DPH5  PTPRJ  RB1CC1  LYN  PIBF1  DUS3L  RNFT2  DELE1  VTN  SOS1  INSR  TNRC6C  ASPH  YTHDF3  F2  ATG13  AMBRA1  NDFIP2  SPRED1  EEFSEC  LATS2  RPTOR  PLCG2  DPH6  DIS3L2  RET  SPON1  RIC1  CCNY  FBXL20  MACROH2A1  TIPRL  LDLRAD3  RAF1  DTNBP1  PPP2CA  IL34  RHBDD1  NEDD9  ZFP91  WDFY2  SERPINB1  WNK3  SLC11A1  PRMT3  COP1  RASAL2  NRG1  AXIN2  PAIP2B  EPHA7  UBASH3B  STAT3  "
0.0867187129653419,3,8,11.3464805825243,"GO:0086014 atrial cardiac muscle cell action potential "," http://amigo.geneontology.org/amigo/term/GO:0086014"," SCN5A  RYR2  SCN3B"
0.0867187129653419,3,8,11.3464805825243,"GO:0086026 atrial cardiac muscle cell to AV node cell signaling "," http://amigo.geneontology.org/amigo/term/GO:0086026"," SCN5A  RYR2  SCN3B"
0.0867187129653419,3,8,11.3464805825243,"GO:0086066 atrial cardiac muscle cell to AV node cell communication "," http://amigo.geneontology.org/amigo/term/GO:0086066"," SCN5A  RYR2  SCN3B"
0.0867187129653419,5,27,5.60320028766631,"GO:1901568 fatty acid derivative metabolic process "," http://amigo.geneontology.org/amigo/term/GO:1901568"," ELOVL6  FAR2  HMGCLL1  ALOX5  ALOX15B"
0.0934642258873627,15,193,2.35160219326928,"GO:0070588 calcium ion transmembrane transport "," http://amigo.geneontology.org/amigo/term/GO:0070588"," TRPV4  STAC  TRPV1  LYN  CHD7  CASQ2  SLC9A1  RYR2  F2  PLCG2  TRPC7  VDAC1  CACNA2D3  UBASH3B  SLC24A3"
0.0943389464332453,22,337,1.97525280170551,"GO:0007610 behavior "," http://amigo.geneontology.org/amigo/term/GO:0007610"," GRIA1  PLCB1  ACE2  NEGR1  SPECC1  TSHR  TRPV1  SLC4A10  CHD7  PAK6  GRID1  MFSD2A  FBXL20  ADAM22  VDAC1  NEDD9  PREX2  NCOA2  PCM1  TRMT1L  SORCS3  STAT3"
0.0968190587293405,22,338,1.9694088585052,"GO:0051272 positive regulation of cellular component movement "," http://amigo.geneontology.org/amigo/term/GO:0051272"," TRPV4  MAPK1  MGAT5  TACR1  RDX  ATM  ACVR1B  LYN  VTN  ZNF609  INSR  SEMA3C  CPNE3  CDH13  TTLL6  RET  IL34  NEDD9  ACTN4  CARMIL1  FOXP1  STAT3"
0.101067885288361,10,103,2.93760015081535,"GO:0060401 cytosolic calcium ion transport "," http://amigo.geneontology.org/amigo/term/GO:0060401"," TRPV4  TRPV1  LYN  CHD7  CASQ2  RYR2  F2  PLCG2  VDAC1  UBASH3B"
0.102437832603388,18,256,2.1274651092233,"GO:0016311 dephosphorylation "," http://amigo.geneontology.org/amigo/term/GO:0016311"," PTPRT  PTPN23  PPP4R4  MGAT5  CDC14A  PTPRJ  PTPRE  PLPP1  INPP5A  PPP2R1A  PPM1A  CTTNBP2NL  AMBRA1  TIPRL  PPP2CA  EYA1  PTPRM  UBASH3B"
0.102437832603388,21,319,1.99185866025504,"GO:0040008 regulation of growth "," http://amigo.geneontology.org/amigo/term/GO:0040008"," DCBLD2  LPAR3  FTO  PLCB1  GOLGA4  TSHR  PTPRJ  ACVR1B  PPARD  CHD7  INSR  F2  LATS2  RPTOR  STK3  ALOX15B  MFSD2A  FSTL4  ZFPM2  TLL2  STAT3"
0.107008369427084,15,197,2.30385392538564,"GO:0010959 regulation of metal ion transport "," http://amigo.geneontology.org/amigo/term/GO:0010959"," SCN5A  STAC  LYN  CHD7  CASQ2  SLC9A1  RYR2  NKAIN3  F2  DPP6  PLCG2  VDAC1  WNK3  SCN3B  UBASH3B"
0.107495544051269,11,122,2.72811554989655,"GO:0051924 regulation of calcium ion transport "," http://amigo.geneontology.org/amigo/term/GO:0051924"," STAC  LYN  CHD7  CASQ2  SLC9A1  RYR2  F2  PLCG2  VDAC1  WNK3  UBASH3B"
0.108654862512517,4,18,6.72384034519957,"GO:0010765 positive regulation of sodium ion transport "," http://amigo.geneontology.org/amigo/term/GO:0010765"," SCN5A  SLC9A1  WNK3  SCN3B"
0.108654862512517,9,88,3.0944947043248,"GO:0060402 calcium ion transport into cytosol "," http://amigo.geneontology.org/amigo/term/GO:0060402"," TRPV4  TRPV1  LYN  CHD7  CASQ2  RYR2  F2  PLCG2  UBASH3B"
0.108654862512517,4,18,6.72384034519957,"GO:0097205 renal filtration "," http://amigo.geneontology.org/amigo/term/GO:0097205"," TBC1D8B  CORO2B  SULF1  SULF2"
0.10932972155954,66,1409,1.41730346524079,"GO:0050790 regulation of catalytic activity "," http://amigo.geneontology.org/amigo/term/GO:0050790"," AKAP13  ABI1  PTPRT  RALGPS1  LRP6  FGD4  MAPK1  FETUB  PPP4R4  AHSG  APAF1  MGAT5  PLCB1  IQGAP2  DOCK1  RDX  SOS2  PLEKHG6  ARHGAP42  PTPRJ  LYN  PPP2R2B  PIBF1  PPP2R1A  SPTSSB  DELE1  VTN  VAV3  RSU1  AGAP1  SOS1  INSR  PIFO  ASPH  CYTH1  F2  AMBRA1  DDX11  SPRED1  LATS2  RPTOR  HPS4  ARHGAP22  RALGDS  RIC1  CCNY  MACROH2A1  TIPRL  RAF1  DTNBP1  PPP2CA  IL34  PHACTR1  NEDD9  PREX2  ZFP91  SERPINB1  SLC11A1  RASAL2  NRG1  TBC1D15  UBASH3B  ARHGAP35  STAT3  ARHGAP21  ARFGEF1"
0.109813496334947,3,9,10.0857605177994,"GO:0010882 regulation of cardiac muscle contraction by calcium ion signaling "," http://amigo.geneontology.org/amigo/term/GO:0010882"," CASQ2  SLC9A1  RYR2"
0.109813496334947,3,9,10.0857605177994,"GO:0003215 cardiac right ventricle morphogenesis "," http://amigo.geneontology.org/amigo/term/GO:0003215"," CHD7  SEMA3C  ZFPM2"
0.115222536999291,2,3,20.1715210355987,"GO:1904271 L-proline import across plasma membrane "," http://amigo.geneontology.org/amigo/term/GO:1904271"," ACE2  CLTRN"
0.115222536999291,2,3,20.1715210355987,"GO:1904555 L-proline transmembrane transport "," http://amigo.geneontology.org/amigo/term/GO:1904555"," ACE2  CLTRN"
0.115222536999291,2,3,20.1715210355987,"GO:1905647 proline import across plasma membrane "," http://amigo.geneontology.org/amigo/term/GO:1905647"," ACE2  CLTRN"
0.115222536999291,13,164,2.39844304996448,"GO:0006936 muscle contraction "," http://amigo.geneontology.org/amigo/term/GO:0006936"," ADRA1A  SCN5A  TACR1  ACE2  TNNT3  STAC  TRPV1  CASQ2  SLC9A1  RYR2  SULF1  SCN3B  SULF2"
0.115222536999291,2,3,20.1715210355987,"GO:0007231 osmosensory signaling pathway "," http://amigo.geneontology.org/amigo/term/GO:0007231"," TRPV4  WNK3"
0.115222536999291,69,1499,1.39276346042993,"GO:0008104 protein localization "," http://amigo.geneontology.org/amigo/term/GO:0008104"," EPB41L2  BARD1  CEP290  LRP6  IMPG2  EXOC6  BBS9  PTPN23  TSPAN5  ATP8B1  SLC9B2  SNX19  GOLGA4  STAC  MCRS1  CEP128  CEP192  RDX  EXPH5  FYB1  NUP85  CLTRN  AP1S2  RAB3C  SPIDR  UBXN2B  PIBF1  RAB6A  SORCS2  FRMPD1  CORO2B  FRMD4A  RYR2  TTC7A  LDLRAP1  PPM1A  F2  NDFIP2  LATS2  HPS4  ALOX5  PCLO  RIC1  STK3  MACROH2A1  SFT2D2  ADAM22  RAF1  SEC24A  STX8  RHBDD1  HSPA4  NEDD9  RAB31  WNK3  GNPTAB  SEC63  GCC2  PCM1  AXIN2  ICE1  SCN3B  EXOC6B  APOB  NBEA  STX7  STAT3    ARFGEF1"
0.115222536999291,161,4004,1.21663894358069,"GO:0019538 protein metabolic process "," http://amigo.geneontology.org/amigo/term/GO:0019538"," BARD1  ABI1  PTPRT  AGBL1  MYO3A  ST3GAL1  STK35  CLCA1  LRP6  DCUN1D4  FTO  ST8SIA5  CTIF  LIPG  C1RL  MAPK1  PTPN23  LNX1  KLHL18  FETUB  PPP4R4  AHSG  APAF1  TSPAN5  USP22  MGAT5  PLCB1  NDUFS4  BMX  ACE2  CTDSPL  TRAF3  KDM8  FANCI  MCRS1  PRKDC    ALG9  SIK2  ADCK1  RDX  KLHDC2  KLHDC1  CAMKK1  ATM  DPH5  EXTL2  CDC14A  DPP9  FBXL2  PTPRJ  ACVR1B  MMP8  PTPRE  CDKAL1  RB1CC1  LYN  PIBF1  HTRA3  RAB6A  PPP2R1A  DUS3L  RNFT2  DELE1  MAP2K5  VTN  STAMBPL1  ZDHHC14  PAK6  LDLRAP1  SOS1  INSR  TNRC6C  PPM1A  EPHA6  CTTNBP2NL  ASPH  YTHDF3  CASK  SGK3  F2  ATG13  AMBRA1  NDFIP2  SPRED1  DPP6  EEFSEC  MRPS28  LATS2  WWP1  RPTOR  PLCG2  IARS1  TRIM24  DPH6  DIS3L2  TTLL6  PISD  RNF144B  RET  SPON1  RIC1  CCNY  STK3  FBXL20  PPIE  MACROH2A1  TIPRL  LDLRAD3  ADAM22  RAF1  NEK11  DTNBP1  JADE2  CDKL3  PPP2CA  IL34  RHBDD1  NEDD9  UBE3D  ZFP91  SRPK2  CDK14  SULF1  WDFY2  EYA1  PTPRM  LAMA1  SERPINB1  ANKIB1  WNK3  GNPTAB  USP37  NEK10  SLC11A1  PRMT3  COP1  PAPPA2  RASAL2  NRG1  AXIN2  TLL2  ADAMTS16  PAIP2B  EPHA7  GALNTL6  UBASH3B  APOB  STK32B  OTUD7A  ASXL1  STK10  SULF2  PCSK2  MARK3  STAT3  ARFGEF1"
0.115222536999291,87,1971,1.33555732884101,"GO:0023051 regulation of signaling "," http://amigo.geneontology.org/amigo/term/GO:0023051"," RBMS3  AKAP13  PTPRT  NCOR2  RALGPS1  TRPV4  LPAR3  GRIA1  MAPK1  PTPN23  ADRA1A  APAF1  DGKG  TSPAN5  MGAT5  NLRP6  PLCB1  SLC9B2  MOB3B  ACE2  NRXN3  ATM  FBXL2  GRB2  PTPRJ  SLC4A10  ACVR1B  GPAT3  MMP8  RB1CC1  LYN  PIBF1  HTRA3  PPARD  PPP2R1A  CHD7  SORCS2  SLC9A1  FRMPD1  RYR2  INSR  PPM1A  CYTH1  SGK3  F2  CLSTN2  SPRED1  LATS2  RPTOR  PLCG2  CDH13  TRIM24  ALOX5  RET  CCNY  STK3  ALOX15B  FBXL20  GPR161  TXNDC15  RAF1  DTNBP1  PPP2CA  IL34  RANBP9  FSTL4  CDK14  SULF1  EYA1  ACTN4  SCUBE1  PLCL1  NRG1  AXIN2  EPHA7  UBASH3B  EVC  SORCS3  ARHGAP35  SHOC2  FOXP1  ASXL1  SULF2  MARK3  STAT3  TTC23  ARFGEF1"
0.115222536999291,80,1787,1.35455093691765,"GO:0033036 macromolecule localization "," http://amigo.geneontology.org/amigo/term/GO:0033036"," EPB41L2  IGF2BP3  BARD1  OSBPL10  CEP290  LRP6  ATG2B  FTO  IMPG2  LIPG  EXOC6  BBS9  PTPN23  TSPAN5  ATP8B1  SLC9B2  SNX19  GOLGA4  STAC  MCRS1  CEP128  CEP192  RDX  EXPH5  ATM  FYB1  NUP85  CLTRN  AP1S2  RAB3C  SPIDR  UBXN2B  ABCA4  PIBF1  RAB6A  PPARD  SORCS2  FRMPD1  CORO2B  FRMD4A  RYR2  TTC7A  LDLRAP1  PPM1A  F2  NDFIP2  LATS2  HPS4  ALOX5  PCLO  RIC1  STK3  MFSD2A  MACROH2A1  SFT2D2  ADAM22  RAF1  SEC24A  STX8  RHBDD1  HSPA4  NEDD9  RAB31  WNK3  GNPTAB  SEC63  GCC2  PCM1  AXIN2  ICE1  OSBPL1A  SCN3B  GRAMD1B  EXOC6B  APOB  NBEA  STX7  STAT3    ARFGEF1"
0.115222536999291,2,3,20.1715210355987,"GO:0033153 T cell receptor V(D)J recombination "," http://amigo.geneontology.org/amigo/term/GO:0033153"," PRKDC  TCF7"
0.115222536999291,2,3,20.1715210355987,"GO:0002568 somatic diversification of T cell receptor genes "," http://amigo.geneontology.org/amigo/term/GO:0002568"," PRKDC  TCF7"
0.115222536999291,2,3,20.1715210355987,"GO:0002681 somatic recombination of T cell receptor gene segments "," http://amigo.geneontology.org/amigo/term/GO:0002681"," PRKDC  TCF7"
0.115222536999291,122,2916,1.26590821313942,"GO:0048523 negative regulation of cellular process "," http://amigo.geneontology.org/amigo/term/GO:0048523"," MTPN  RBMS3  TEX11  IGF2BP3  BARD1  APBB2  PTPRT  NCOR2  ST3GAL1  SKAP2  DCBLD2  TRPV4  LRP6  FTO  GRIA1  MAPK1  PTPN23  USF3  FETUB  PPP4R4  AHSG  DGKG  TUT7  MGAT5  ATP8B1  PLCB1    DLEC1  CTDSPL  KDM8  PRKDC  ARID5B  ADCK1  RDX  ATM  TRPV1  PTPRJ  ACVR1B  RB1CC1  LYN  UBXN2B  INPP5A  PIBF1  KLF12  HTRA3  PPARD  CHD7  SORCS2  TBC1D14  CASQ2  CORO2B  VTN  FRMD4A  RYR2  TNRC6C  PPM1A  CTTNBP2NL  PSPC1  YTHDF3  CASK  SGK3  F2  ATG13  AMBRA1  SPRED1  LATS2  WWP1  PLCG2  CDH13  TRIM24  DIS3L2  DNAJC15  ALOX5  RNF144B  SPON1  PDCD1LG2  STK3  ALOX15B  MFSD2A  GPR161  MACROH2A1  TIPRL  RAF1  NEK11  DTNBP1  PPP2CA  VDAC1  RHBDD1  RANBP9  FSTL4  NEDD9  SULF1  NCOA2  EYA1  PTPRM  SERPINB1  KRIT1  ACTN4  WNK3  SLC11A1  ZFPM2  PRMT3  CARMIL1  PCM1  TMEM182  NRG1  AXIN2  PAIP2B  ZNF202  UBASH3B  ALDH1A2  SORCS3  ARHGAP35  FOXP1  SHQ1  ASXL1  SULF2  MARK3  STAT3  POLQ  ARFGEF1"
0.115222536999291,12,143,2.53907257790753,"GO:0051480 regulation of cytosolic calcium ion concentration "," http://amigo.geneontology.org/amigo/term/GO:0051480"," TRPV4  GRIA1  CCR8  TACR1  TRPV1  LYN  CHD7  CASQ2  RYR2  F2  PLCG2  UBASH3B"
0.115222536999291,2,3,20.1715210355987,"GO:0060174 limb bud formation "," http://amigo.geneontology.org/amigo/term/GO:0060174"," SEMA3C  PLXNA2"
0.115222536999291,2,3,20.1715210355987,"GO:0090522 vesicle tethering involved in exocytosis "," http://amigo.geneontology.org/amigo/term/GO:0090522"," EXOC6  EXOC6B"
0.115222536999291,2,3,20.1715210355987,"GO:0098735 positive regulation of the force of heart contraction "," http://amigo.geneontology.org/amigo/term/GO:0098735"," SLC9A1  RYR2"
0.115222536999291,2,3,20.1715210355987,"GO:1903391 regulation of adherens junction organization "," http://amigo.geneontology.org/amigo/term/GO:1903391"," PTPN23  RDX"
0.116231344765762,11,127,2.62070942588487,"GO:0032409 regulation of transporter activity "," http://amigo.geneontology.org/amigo/term/GO:0032409"," ACE2  STAC  CLTRN  CASQ2  SLC9A1  RYR2  CTTNBP2NL  NDFIP2  PLCG2  WNK3  SCN3B"
0.116231344765762,10,109,2.77589739022001,"GO:0035264 multicellular organism growth "," http://amigo.geneontology.org/amigo/term/GO:0035264"," FTO  TSHR  ARID5B  ATM  SLC4A10  CHD7  SOS1  MFSD2A  RASAL2  STAT3"
0.122485896944197,11,128,2.60023513349515,"GO:0007204 positive regulation of cytosolic calcium ion concentration "," http://amigo.geneontology.org/amigo/term/GO:0007204"," TRPV4  CCR8  TACR1  TRPV1  LYN  CHD7  CASQ2  RYR2  F2  PLCG2  UBASH3B"
0.124063299167886,8,76,3.18497700562085,"GO:0034767 positive regulation of ion transmembrane transport "," http://amigo.geneontology.org/amigo/term/GO:0034767"," ACE2  STAC  CLTRN  SLC9A1  RYR2  F2  PLCG2  WNK3"
0.125793266185015,181,4594,1.19211318266544,"GO:0007154 cell communication "," http://amigo.geneontology.org/amigo/term/GO:0007154"," RBMS3  AKAP13  PTPRT  CSF3R  NCOR2  GPR158  RALGPS1  TRPV4  LRP6  LPAR3  GRIA1  RASSF8  MAPK1  PTPN23  ADRA1A  ADGRA3  PDE5A    APAF1  DGKG  CCR8  CSRNP1  TSPAN5  SCN5A  GPR39  MGAT5  RCAN2  NLRP6  PLCB1  IQGAP2  SLC9B2  PLCD1  BMX  MOB3B  TACR1  SNX19  ACE2  ITGA9  TRAF3  DOCK1  PTGER3  PRKDC  TSHR  ARID5B  NRXN3  SIK2  SOS2  ATM  FYB1  OR8D1  OR8G5  OR10D3  SUSD5  FBXL2  ARHGAP42  GRB2  PTPRJ  CLTRN  GRPR  SLC4A10  ACVR1B  GPAT3  MMP8  PLPP1  RB1CC1  LYN  PIBF1  HTRA3  PPARD  PPP2R1A  CHD7  SORCS2  GAB2  CASQ2  SLC9A1  FRMPD1  PDE10A  DELE1  MAP2K5  VAV3  RASL12  RYR2  SOS1  INSR  PPM1A  EPHA6  PDE7A  CYTH1  SEMA3C  GRID1  SGK3  F2  CLSTN2  SPRED1  LATS2  FGF9  CPNE3  RPTOR  PLCG2  CDH13  ARHGAP22  TRIM24  RALGDS  DNAJC15  ALOX5  RET  PCLO  GPR34  CCNY  ARHGAP23  STK3  ALOX15B  MFSD2A  FBXL20  GPR161  TIPRL  TXNDC15  RAF1  NEK11  DTNBP1  JADE2  PPP2CA  IL34  TCF7  VDAC1  RANBP9  FSTL4  PREX2  ZFP91  SRPK2  CDK14  SULF1  EYA1  PTPRM  LAMA1  DLGAP1  ACTN4  WNK3  COLEC12  RIMS2  SCUBE1  RASAL2  ADCY2  PLCL1  NRG1  AXIN2  EPHA7  PLXNA2  SCN3B  UBASH3B  ADCY8  RXRG  EVC  EVC2  PIK3C2A  ALDH1A2  SORCS3  ARHGAP35  SHOC2  FOXP1  PDE7B  ASXL1  SULF2  OR52N5  TENM2  GABRA1  MARK3  STAT3  TTC23  ARHGAP21  ARFGEF1"
0.125793266185015,70,1535,1.37981088517125,"GO:0009653 anatomical structure morphogenesis "," http://amigo.geneontology.org/amigo/term/GO:0009653"," ABI1  TRPV4  LRP6  FRYL  LPAR3  IMPG2  MAPK1  APAF1  CSRNP1  ATP8B1  GOLGA4  PRKDC  TSHR  ARID5B  ADCK1  RDX  ATM  AFF3  UBP1  GRB2  SLC4A10  MMP8  CHD7  VTN  PAK6  SOS1  INSR  NEBL  SEMA3C  LDB3  F2  MYO18B  SPRED1  LATS2  CDH13  FMN1  ALOX5  RET  STK3  MFSD2A  MACROH2A1  DTNBP1  JADE2  FSTL4  PHACTR1  NEDD9  PREX2  SULF1  EYA1  PTPRM  LAMA1  KRIT1  ACTN4  ZFPM2  PAPPA2  CARMIL1  FGL1  TMEM182  NRG1  AXIN2  ADAMTS16  PLXNA2  JHY  APOB  ALDH1A2  ARHGAP35  FOXP1  ASXL1  SULF2  STAT3"
0.125793266185015,15,207,2.19255663430421,"GO:0032535 regulation of cellular component size "," http://amigo.geneontology.org/amigo/term/GO:0032535"," MTPN  LPAR3  GOLGA4  RDX  GRB2  RB1CC1  VAV3  RPTOR  FMN1  RET  FSTL4  WNK3  CARMIL1  ARHGAP35  ARFGEF1"
0.125793266185015,4,20,6.05145631067961,"GO:0048384 retinoic acid receptor signaling pathway "," http://amigo.geneontology.org/amigo/term/GO:0048384"," ACTN4  RXRG  ALDH1A2  ASXL1"
0.125793266185015,4,20,6.05145631067961,"GO:0090218 positive regulation of lipid kinase activity "," http://amigo.geneontology.org/amigo/term/GO:0090218"," LYN  VAV3  F2  AMBRA1"
0.125793266185015,4,20,6.05145631067961,"GO:1901021 positive regulation of calcium ion transmembrane transporter activity "," http://amigo.geneontology.org/amigo/term/GO:1901021"," STAC  SLC9A1  RYR2  PLCG2"
0.13145097289334,179,4546,1.19138878091911,"GO:0023052 signaling "," http://amigo.geneontology.org/amigo/term/GO:0023052"," RBMS3  AKAP13  PTPRT  CSF3R  NCOR2  GPR158  RALGPS1  TRPV4  LRP6  LPAR3  GRIA1  RASSF8  MAPK1  PTPN23  ADRA1A  ADGRA3  PDE5A    APAF1  DGKG  CCR8  CSRNP1  TSPAN5  SCN5A  GPR39  MGAT5  RCAN2  NLRP6  PLCB1  IQGAP2  SLC9B2  PLCD1  BMX  MOB3B  TACR1  SNX19  ACE2  ITGA9  TRAF3  DOCK1  PTGER3  PRKDC  TSHR  ARID5B  NRXN3  SIK2  SOS2  ATM  FYB1  OR8D1  OR8G5  OR10D3  SUSD5  FBXL2  ARHGAP42  GRB2  PTPRJ  CLTRN  GRPR  SLC4A10  ACVR1B  GPAT3  MMP8  PLPP1  RB1CC1  LYN  PIBF1  HTRA3  PPARD  PPP2R1A  CHD7  SORCS2  GAB2  CASQ2  SLC9A1  FRMPD1  PDE10A  DELE1  MAP2K5  VAV3  RASL12  RYR2  SOS1  INSR  PPM1A  EPHA6  PDE7A  CYTH1  SEMA3C  GRID1  SGK3  F2  CLSTN2  SPRED1  LATS2  FGF9  CPNE3  RPTOR  PLCG2  CDH13  ARHGAP22  TRIM24  RALGDS  ALOX5  RET  PCLO  GPR34  CCNY  ARHGAP23  STK3  ALOX15B  FBXL20  GPR161  TIPRL  TXNDC15  RAF1  NEK11  DTNBP1  JADE2  PPP2CA  IL34  TCF7  VDAC1  RANBP9  FSTL4  PREX2  ZFP91  SRPK2  CDK14  SULF1  EYA1  PTPRM  LAMA1  DLGAP1  ACTN4  WNK3  COLEC12  RIMS2  SCUBE1  RASAL2  ADCY2  PLCL1  NRG1  AXIN2  EPHA7  PLXNA2  SCN3B  UBASH3B  ADCY8  RXRG  EVC  EVC2  PIK3C2A  ALDH1A2  SORCS3  ARHGAP35  SHOC2  FOXP1  PDE7B  ASXL1  SULF2  OR52N5  TENM2  GABRA1  MARK3  STAT3  TTC23  ARHGAP21  ARFGEF1"
0.13145097289334,34,634,1.62263024103397,"GO:0048878 chemical homeostasis "," http://amigo.geneontology.org/amigo/term/GO:0048878"," TRPV4  LIPG  GRIA1  MAPK1  CCR8  SLC9B2  TACR1  HEPHL1  HKDC1  TRPV1  CLTRN  SLC4A10  LYN  CHD7  CASQ2  SLC9A1  RYR2  TTC7A  LDLRAP1  INSR  CA12  F2  PLCG2  TRIM24  ALOX5  XPR1  RAF1  WNK3  SLC11A1  GRAMD1B  UBASH3B  APOB  SLC24A3  STAT3"
0.13371881937774,21,336,1.89108009708738,"GO:2000147 positive regulation of cell motility "," http://amigo.geneontology.org/amigo/term/GO:2000147"," TRPV4  MAPK1  MGAT5  TACR1  RDX  ATM  ACVR1B  LYN  VTN  ZNF609  INSR  SEMA3C  CPNE3  CDH13  RET  IL34  NEDD9  ACTN4  CARMIL1  FOXP1  STAT3"
0.134254170253028,49,1004,1.47669999613198,"GO:0042592 homeostatic process "," http://amigo.geneontology.org/amigo/term/GO:0042592"," ELOVL6  TRPV4  FTO  LIPG  GRIA1  MAPK1  CCR8  SLC9B2  TACR1  PRKDC  TSHR  HEPHL1  SOS2  HKDC1  TRPV1  CLTRN  SLC4A10  ACVR1B  LYN  ABCA4  CHD7  CASQ2  SLC9A1  RYR2  TTC7A  LDLRAP1  SOS1  INSR  CA12  NPR3  F2  AMBRA1  PLCG2  TRIM24  CDIN1  ALOX5  XPR1  MFSD2A  RAF1  KRIT1  WNK3  SLC11A1  GRAMD1B  UBASH3B  APOB  NBEA  ASXL1  SLC24A3  STAT3"
0.134589931819928,25,426,1.77566206299284,"GO:0043549 regulation of kinase activity "," http://amigo.geneontology.org/amigo/term/GO:0043549"," ABI1  PTPRT  LRP6  PTPRJ  LYN  PIBF1  VAV3  SOS1  INSR  PIFO  F2  AMBRA1  SPRED1  LATS2  RPTOR  CCNY  MACROH2A1  DTNBP1  PPP2CA  IL34  NEDD9  ZFP91  SLC11A1  NRG1  UBASH3B"
0.135277509276566,10,113,2.67763553569894,"GO:0014706 striated muscle tissue development "," http://amigo.geneontology.org/amigo/term/GO:0014706"," CHD7  SLC9A1  NEBL  SEMA3C  MYO18B  NDUFV2  EYA1  ZFPM2  NRG1  ALDH1A2"
0.13750382721109,27,473,1.72715983497198,"GO:0019725 cellular homeostasis "," http://amigo.geneontology.org/amigo/term/GO:0019725"," TRPV4  GRIA1  MAPK1  CCR8  SLC9B2  TACR1  HEPHL1  HKDC1  TRPV1  CLTRN  SLC4A10  LYN  CHD7  CASQ2  SLC9A1  RYR2  TTC7A  F2  AMBRA1  PLCG2  XPR1  RAF1  KRIT1  WNK3  SLC11A1  UBASH3B  SLC24A3"
0.140770703112786,8,79,3.06402851173651,"GO:0006937 regulation of muscle contraction "," http://amigo.geneontology.org/amigo/term/GO:0006937"," ADRA1A  SCN5A  TACR1  ACE2  TNNT3  CASQ2  SLC9A1  RYR2"
0.140770703112786,4,21,5.76329172445677,"GO:0034311 diol metabolic process "," http://amigo.geneontology.org/amigo/term/GO:0034311"," SPTLC3  PLPP1  SPTSSB  PCBD2"
0.146452915969742,153,3825,1.21029126213592,"GO:0060255 regulation of macromolecule metabolic process "," http://amigo.geneontology.org/amigo/term/GO:0060255"," RBMS3  IGF2BP3  ABI1  APBB2  PTPRT  PANX3  NCOR2  CEP290  TRPV4  LRP6  DCUN1D4  FTO  CTIF  LIPG  MAPK1  RBFOX1  CADM1  USF3  FETUB  PPP4R4  AHSG  APAF1  CSRNP1  TUT7  USP22  CCDC62  MGAT5  ATP8B1  PLCB1    NDUFS4  PIR  SND1  TSNAX  CTDSPL  TRAF3  KDM8  LRRFIP2  FANCI  MCRS1  PRKDC  ARID5B  RDX  ATM  TRPV1  AFF3  DPH5  UBP1  PTPRJ  ACVR1B  MMP8  SPIDR  RB1CC1  LYN  PIBF1  KLF12  NPAS3  ZNF577  PPARD  CHD7  DUS3L  RNFT2  SLC9A1  DELE1  MBNL1  VTN  ZNF609  SOS1  INSR  TNRC6C  PPM1A  PSPC1  ASPH  YTHDF3  F2  ATG13  AMBRA1  DDX11  NDFIP2  SPRED1  GABPB1  EEFSEC  ZNF704  LATS2  WWP1  RPTOR  PLCG2  CDH13  TRIM24  DPH6  DIS3L2  ALOX5  RET  SPON1  RIC1  PDCD1LG2  DCAF6  CCNY  STK3  ALOX15B  FBXL20  PPIE  MACROH2A1  TIPRL  PCBD2  LDLRAD3  RAF1  DTNBP1  PPP2CA  IL34  TCF7  RHBDD1  AFF4  NEDD9  ZFP91  MTERF1  SULF1  NCOA2  WDFY2  EYA1  SERPINB1  L3MBTL4  ACTN4  WNK3  USP37  SLC11A1  ZFPM2  PRMT3  SMARCAL1  COP1  RASAL2  NRG1  AXIN2  ICE1  PAIP2B  EPHA7  ZNF202  UBASH3B  RXRG  APOB  ALDH1A2  FOXP1  SHQ1  ASXL1  TSHZ2  SULF2  SSC5D  SLC24A3  STAT3  POLQ"
0.147809906924956,21,341,1.86335164991601,"GO:0040017 positive regulation of locomotion "," http://amigo.geneontology.org/amigo/term/GO:0040017"," TRPV4  MAPK1  MGAT5  TACR1  RDX  ATM  ACVR1B  LYN  VTN  ZNF609  INSR  SEMA3C  CPNE3  CDH13  RET  IL34  NEDD9  ACTN4  CARMIL1  FOXP1  STAT3"
0.147809906924956,8,80,3.02572815533981,"GO:0097553 calcium ion transmembrane import into cytosol "," http://amigo.geneontology.org/amigo/term/GO:0097553"," TRPV1  LYN  CHD7  CASQ2  RYR2  F2  PLCG2  UBASH3B"
0.147809906924956,3,11,8.25198587819947,"GO:0140058 neuron projection arborization "," http://amigo.geneontology.org/amigo/term/GO:0140058"," PAK6  MFSD2A  PHACTR1"
0.148276333535973,11,134,2.48380669468193,"GO:0045927 positive regulation of growth "," http://amigo.geneontology.org/amigo/term/GO:0045927"," LPAR3  PLCB1  GOLGA4  TSHR  PPARD  CHD7  INSR  F2  RPTOR  MFSD2A  ZFPM2"
0.148276333535973,58,1243,1.41184419155035,"GO:0048584 positive regulation of response to stimulus "," http://amigo.geneontology.org/amigo/term/GO:0048584"," AKAP13  TRPV4  LPAR3  MAPK1  ADRA1A  CADM1  APAF1  TSPAN5  MGAT5  NLRP6  PLCB1  MCRS1  PRKDC  ATM  PTPRJ  ACVR1B  MMP8  SPIDR  RB1CC1  LYN  PIBF1  PPARD  PPP2R1A  RNFT2  SLC9A1  VAV3  INSR  PPM1A  PSPC1  F2  DDX11  SPRED1  RPTOR  PLCG2  CDH13  RET  STK3  ALOX15B  TXNDC15  RAF1  IL34  VDAC1  NEDD9  SULF1  EYA1  ACTN4  SLC11A1  SCUBE1  NRG1  EVC  SHOC2  FOXP1  ASXL1  STX7  SULF2  STAT3  TTC23  ARFGEF1"
0.1490783436979,31,572,1.63981770656528,"GO:0048534 hematopoietic or lymphoid organ development "," http://amigo.geneontology.org/amigo/term/GO:0048534"," ABI1  CSF3R  CMTM7  ST3GAL1  MAPK1  SLC9B2  PIR  DOCK1  PRKDC  TSHR  SOS2  ATM  ACVR1B  LYN  CHD7  GAB2  TTC7A  SOS1  AMBRA1  PLCG2  CDIN1  RET  STK3  RAF1  IL34  TCF7  NEDD9  UBASH3B  FOXP1  ASXL1  STAT3"
0.149242939771569,7,64,3.30939016990291,"GO:0019751 polyol metabolic process "," http://amigo.geneontology.org/amigo/term/GO:0019751"," ITPK1  SPTLC3  PLPP1  INPP5A  SPTSSB  PLCG2  PCBD2"
0.15042479193047,15,214,2.12083749206061,"GO:1990778 protein localization to cell periphery "," http://amigo.geneontology.org/amigo/term/GO:1990778"," EPB41L2  LRP6  TSPAN5  GOLGA4  STAC  RDX  FYB1  TTC7A  LDLRAP1  ADAM22  STX8  RAB31  WNK3  SCN3B  STX7"
0.151379593210975,20,321,1.88518888183165,"GO:0030335 positive regulation of cell migration "," http://amigo.geneontology.org/amigo/term/GO:0030335"," TRPV4  MAPK1  MGAT5  RDX  ATM  ACVR1B  LYN  VTN  ZNF609  INSR  SEMA3C  CPNE3  CDH13  RET  IL34  NEDD9  ACTN4  CARMIL1  FOXP1  STAT3"
0.154239964298541,42,842,1.50927057629777,"GO:0045595 regulation of cell differentiation "," http://amigo.geneontology.org/amigo/term/GO:0045595"," CSF3R  TRPV4  LPAR3  FTO  MAPK1  RBFOX1  USF3  PLCB1  SLC9B2  GOLGA4  PRKDC  SOS2  ACVR1B  LYN  PPARD  CHD7  SOS1  F2  AMBRA1  SPRED1  ALOX5  STK3  ALOX15B  MACROH2A1  JADE2  PPP2CA  IL34  FSTL4  NEDD9  WDFY2  EYA1  ACTN4  ZFPM2  CARMIL1  PCM1  TMEM182  AXIN2  UBASH3B  APOB  FOXP1  ASXL1  STAT3"
0.154432559673551,4,22,5.50132391879965,"GO:0045880 positive regulation of smoothened signaling pathway "," http://amigo.geneontology.org/amigo/term/GO:0045880"," TXNDC15  SCUBE1  EVC  TTC23"
0.155245663463293,47,968,1.46910354649763,"GO:0010647 positive regulation of cell communication "," http://amigo.geneontology.org/amigo/term/GO:0010647"," AKAP13  TRPV4  LPAR3  MAPK1  PTPN23  ADRA1A  APAF1  TSPAN5  MGAT5  NLRP6  PLCB1  ATM  PTPRJ  ACVR1B  MMP8  RB1CC1  LYN  PIBF1  PPARD  PPP2R1A  SLC9A1  INSR  PPM1A  F2  CLSTN2  SPRED1  RPTOR  PLCG2  CDH13  RET  STK3  ALOX15B  TXNDC15  RAF1  DTNBP1  IL34  SULF1  ACTN4  SCUBE1  NRG1  EVC  SHOC2  FOXP1  ASXL1  SULF2  STAT3  TTC23"
0.156045698626036,9,100,2.72315533980583,"GO:2000241 regulation of reproductive process "," http://amigo.geneontology.org/amigo/term/GO:2000241"," TEX11  PLCB1  TACR1  ACVR1B  PPP2R1A  YTHDF3  STK3  SULF1  ZFPM2"
0.156045698626036,2,4,15.128640776699,"GO:2000812 regulation of barbed-end actin filament capping "," http://amigo.geneontology.org/amigo/term/GO:2000812"," MTPN  CARMIL1"
0.156045698626036,2,4,15.128640776699,"GO:2000973 regulation of pro-B cell differentiation "," http://amigo.geneontology.org/amigo/term/GO:2000973"," SOS2  SOS1"
0.156045698626036,2,4,15.128640776699,"GO:2001300 lipoxin metabolic process "," http://amigo.geneontology.org/amigo/term/GO:2001300"," ALOX5  ALOX15B"
0.156045698626036,2,4,15.128640776699,"GO:2001301 lipoxin biosynthetic process "," http://amigo.geneontology.org/amigo/term/GO:2001301"," ALOX5  ALOX15B"
0.156045698626036,47,974,1.46005362732003,"GO:0023056 positive regulation of signaling "," http://amigo.geneontology.org/amigo/term/GO:0023056"," AKAP13  TRPV4  LPAR3  MAPK1  PTPN23  ADRA1A  APAF1  TSPAN5  MGAT5  NLRP6  PLCB1  ATM  PTPRJ  ACVR1B  MMP8  RB1CC1  LYN  PIBF1  PPARD  PPP2R1A  SLC9A1  INSR  PPM1A  F2  CLSTN2  SPRED1  RPTOR  PLCG2  CDH13  RET  STK3  ALOX15B  TXNDC15  RAF1  DTNBP1  IL34  SULF1  ACTN4  SCUBE1  NRG1  EVC  SHOC2  FOXP1  ASXL1  SULF2  STAT3  TTC23"
0.156045698626036,12,158,2.29802138380238,"GO:0030198 extracellular matrix organization "," http://amigo.geneontology.org/amigo/term/GO:0030198"," IMPG2  THSD4  ADAMTSL3  VTN  VIT  IMPG1  HSD17B12  RIC1  SULF1  ADAMTS16  HPSE2  SULF2"
0.156045698626036,10,118,2.56417640283034,"GO:0031334 positive regulation of protein-containing complex assembly "," http://amigo.geneontology.org/amigo/term/GO:0031334"," ATM  GRB2  SPIDR  CKAP5  AMBRA1  PLCG2  FMN1  CARMIL1  NRG1  ICE1"
0.156045698626036,5,36,4.20240021574973,"GO:0032613 interleukin-10 production "," http://amigo.geneontology.org/amigo/term/GO:0032613"," MMP8  PIBF1  PLCG2  PDCD1LG2  STAT3"
0.156045698626036,5,36,4.20240021574973,"GO:0032653 regulation of interleukin-10 production "," http://amigo.geneontology.org/amigo/term/GO:0032653"," MMP8  PIBF1  PLCG2  PDCD1LG2  STAT3"
0.156045698626036,3,12,7.56432038834951,"GO:0033151 V(D)J recombination "," http://amigo.geneontology.org/amigo/term/GO:0033151"," PRKDC  ATM  TCF7"
0.156045698626036,3,12,7.56432038834951,"GO:0002320 lymphoid progenitor cell differentiation "," http://amigo.geneontology.org/amigo/term/GO:0002320"," PRKDC  SOS2  SOS1"
0.156045698626036,2,4,15.128640776699,"GO:0042473 outer ear morphogenesis "," http://amigo.geneontology.org/amigo/term/GO:0042473"," MAPK1  EYA1"
0.156045698626036,8,83,2.91636448707451,"GO:0045598 regulation of fat cell differentiation "," http://amigo.geneontology.org/amigo/term/GO:0045598"," TRPV4  FTO  PPARD  ALOX5  STK3  WDFY2  ZFPM2  ASXL1"
0.156045698626036,2,4,15.128640776699,"GO:0048752 semicircular canal morphogenesis "," http://amigo.geneontology.org/amigo/term/GO:0048752"," CHD7  EYA1"
0.156045698626036,32,601,1.61103662181154,"GO:0051130 positive regulation of cellular component organization "," http://amigo.geneontology.org/amigo/term/GO:0051130"," LPAR3  MAPK1  PTPN23  PLCB1  ACE2  GOLGA4  NEGR1  MCRS1  ADCK1  ATM  GRB2  PTPRJ  SPIDR  LYN  VTN  LDLRAP1  INSR  CKAP5  AMBRA1  DDX11  CLSTN2  PLCG2  FMN1  RET  MACROH2A1  VDAC1  NEDD9  CARMIL1  NRG1  ICE1  ARHGAP35  RETREG3"
0.156045698626036,24,413,1.75829239051224,"GO:0055082 cellular chemical homeostasis "," http://amigo.geneontology.org/amigo/term/GO:0055082"," TRPV4  GRIA1  MAPK1  CCR8  SLC9B2  TACR1  HEPHL1  HKDC1  TRPV1  CLTRN  SLC4A10  LYN  CHD7  CASQ2  SLC9A1  RYR2  TTC7A  F2  PLCG2  XPR1  RAF1  SLC11A1  UBASH3B  SLC24A3"
0.156045698626036,53,1128,1.42166305171108,"GO:0055085 transmembrane transport "," http://amigo.geneontology.org/amigo/term/GO:0055085"," KCNJ15  PANX3  KCNQ3  TRPV4  CLCA1  SLC35F1  GRIA1  SCN5A  ATP8B1  SLC9B2  SLC49A3  ACE2  STAC  ANO2  TRPV1  SLC35A3  CLTRN  SLC4A10    LYN  ABCA4  CHD7  CASQ2  SLC9A1  SLC22A3  RYR2  SLC3A1  INSR  ATP12A  CTTNBP2NL  GRID1  F2  DPP6  CNGB3  PLCG2  SLC26A7  TRPC7  XPR1  MFSD2A  VDAC1  KCNH8  SLCO5A1  WNK3  SLC11A1  SEC63  CACNA2D3  SLC9C2  SLC17A2  SCN3B  UBASH3B  GABRA1  SLC24A3"
0.156045698626036,3,12,7.56432038834951,"GO:0060292 long-term synaptic depression "," http://amigo.geneontology.org/amigo/term/GO:0060292"," GRIA1  SORCS2  SORCS3"
0.156045698626036,2,4,15.128640776699,"GO:0060373 regulation of ventricular cardiac muscle cell membrane depolarization "," http://amigo.geneontology.org/amigo/term/GO:0060373"," SCN5A  SCN3B"
0.156045698626036,19,303,1.89732128552661,"GO:0060627 regulation of vesicle-mediated transport "," http://amigo.geneontology.org/amigo/term/GO:0060627"," MAPK1  PTPN23  AHSG  MFGE8  NRXN3  RDX  EXPH5  RAB3C  LYN  VTN  LDLRAP1  INSR  PLCG2  CDH13  PCLO  FBXL20  DTNBP1  SLC11A1  RIMS2"
0.156045698626036,2,4,15.128640776699,"GO:0120040 regulation of macrophage proliferation "," http://amigo.geneontology.org/amigo/term/GO:0120040"," MAPK1  IL34"
0.156045698626036,2,4,15.128640776699,"GO:0120041 positive regulation of macrophage proliferation "," http://amigo.geneontology.org/amigo/term/GO:0120041"," MAPK1  IL34"
0.156045698626036,5,36,4.20240021574973,"GO:1901019 regulation of calcium ion transmembrane transporter activity "," http://amigo.geneontology.org/amigo/term/GO:1901019"," STAC  CASQ2  SLC9A1  RYR2  PLCG2"
0.156866292970685,22,372,1.78940912412569,"GO:0060322 head development "," http://amigo.geneontology.org/amigo/term/GO:0060322"," MAPK1  APAF1  SPATA5  CSRNP1  PLCB1  NDUFS4  PRKDC  ARID5B  DDX10  ATM  SLC4A10  CHD7  SOS1  MFSD2A  RAF1  PHACTR1  TRAPPC9  PCM1  PLXNA2  JHY  ALDH1A2  ARHGAP35"
0.161904206282982,12,159,2.28356841912438,"GO:0045229 external encapsulating structure organization "," http://amigo.geneontology.org/amigo/term/GO:0045229"," IMPG2  THSD4  ADAMTSL3  VTN  VIT  IMPG1  HSD17B12  RIC1  SULF1  ADAMTS16  HPSE2  SULF2"
0.162673311032332,46,954,1.45894648999613,"GO:0031399 regulation of protein modification process "," http://amigo.geneontology.org/amigo/term/GO:0031399"," ABI1  PTPRT  LRP6  DCUN1D4  MAPK1  PPP4R4  MGAT5  NDUFS4  CTDSPL  FANCI  MCRS1  PRKDC  PTPRJ  RB1CC1  LYN  PIBF1  VTN  SOS1  INSR  F2  ATG13  AMBRA1  NDFIP2  SPRED1  LATS2  RPTOR  PLCG2  RET  CCNY  MACROH2A1  TIPRL  RAF1  DTNBP1  PPP2CA  IL34  NEDD9  ZFP91  WDFY2  WNK3  SLC11A1  PRMT3  NRG1  AXIN2  EPHA7  UBASH3B  "
0.165640779980552,25,444,1.70367576314178,"GO:0030155 regulation of cell adhesion "," http://amigo.geneontology.org/amigo/term/GO:0030155"," TRPV4  PTPN23  RDX  ATM  PTPRJ  LYN  CORO2B  VTN  VAV3  RSU1  CASK  CYTH1  AMBRA1  VIT  CDH13  HSD17B12  FMN1  ALOX5  RET  PDCD1LG2  NEDD9  LAMA1  ACTN4  CARMIL1  UBASH3B"
0.165640779980552,12,160,2.26929611650485,"GO:0043062 extracellular structure organization "," http://amigo.geneontology.org/amigo/term/GO:0043062"," IMPG2  THSD4  ADAMTSL3  VTN  VIT  IMPG1  HSD17B12  RIC1  SULF1  ADAMTS16  HPSE2  SULF2"
0.165640779980552,5,37,4.08882183154028,"GO:0050829 defense response to Gram-negative bacterium "," http://amigo.geneontology.org/amigo/term/GO:0050829"," DEFB127  DEFB128  F2  SLC11A1  SSC5D"
0.165640779980552,5,37,4.08882183154028,"GO:0050853 B cell receptor signaling pathway "," http://amigo.geneontology.org/amigo/term/GO:0050853"," MAPK1  LYN  VAV3  PLCG2  FOXP1"
0.165640779980552,8,85,2.84774414620217,"GO:0072006 nephron development "," http://amigo.geneontology.org/amigo/term/GO:0072006"," NUP85  FMN1  RET  SULF1  EYA1  ADAMTS16  ASXL1  SULF2"
0.165640779980552,13,180,2.18524811218986,"GO:0072659 protein localization to plasma membrane "," http://amigo.geneontology.org/amigo/term/GO:0072659"," LRP6  TSPAN5  GOLGA4  STAC  RDX  FYB1  TTC7A  LDLRAP1  STX8  RAB31  WNK3  SCN3B  STX7"
0.168285574846639,32,611,1.58466941032527,"GO:0002520 immune system development "," http://amigo.geneontology.org/amigo/term/GO:0002520"," ABI1  CSF3R  CMTM7  ST3GAL1  MAPK1  SLC9B2  PIR  DOCK1  PRKDC  TSHR  SOS2  ATM  ACVR1B  LYN  CHD7  GAB2  TTC7A  SOS1  AMBRA1  PLCG2  CDIN1  RET  STK3  RAF1  IL34  TCF7  NEDD9  UBASH3B  FOXP1  ASXL1  STAT3  POLQ"
0.168711302446398,10,122,2.4801050453605,"GO:0043270 positive regulation of ion transport "," http://amigo.geneontology.org/amigo/term/GO:0043270"," SCN5A  ACE2  STAC  CLTRN  SLC9A1  RYR2  F2  PLCG2  WNK3  SCN3B"
0.169688246409161,4,24,5.04288025889968,"GO:0048246 macrophage chemotaxis "," http://amigo.geneontology.org/amigo/term/GO:0048246"," TRPV4  MAPK1  NUP85  IL34"
0.169688246409161,14,202,2.09703931558204,"GO:0003012 muscle system process "," http://amigo.geneontology.org/amigo/term/GO:0003012"," MTPN  ADRA1A  SCN5A  TACR1  ACE2  TNNT3  STAC  TRPV1  CASQ2  SLC9A1  RYR2  SULF1  SCN3B  SULF2"
0.169688246409161,4,24,5.04288025889968,"GO:0071539 protein localization to centrosome "," http://amigo.geneontology.org/amigo/term/GO:0071539"," CEP192  UBXN2B  PIBF1  PCM1"
0.171034632368571,38,760,1.5128640776699,"GO:0007267 cell-cell signaling "," http://amigo.geneontology.org/amigo/term/GO:0007267"," RBMS3  TRPV4  LRP6  GRIA1  MAPK1  PTPN23  SCN5A  PLCB1  SLC9B2  SNX19  NRXN3  CLTRN  SLC4A10  CHD7  SORCS2  RYR2  PPM1A  CLSTN2  LATS2  ALOX5  PCLO  CCNY  STK3  FBXL20  RAF1  DTNBP1  TCF7  VDAC1  CDK14  SULF1  DLGAP1  RIMS2  PLCL1  AXIN2  SCN3B  SORCS3  SULF2  GABRA1"
0.171034632368571,8,86,2.81463084217656,"GO:0048639 positive regulation of developmental growth "," http://amigo.geneontology.org/amigo/term/GO:0048639"," LPAR3  PLCB1  GOLGA4  TSHR  PPARD  CHD7  INSR  ZFPM2"
0.172000094622751,7,69,3.06957928802589,"GO:0008037 cell recognition "," http://amigo.geneontology.org/amigo/term/GO:0008037"," SPA17  CADM1  FETUB  MFGE8  NEDD9  COLEC12  ARHGAP35"
0.172000094622751,23,401,1.73545505169116,"GO:0050801 ion homeostasis "," http://amigo.geneontology.org/amigo/term/GO:0050801"," TRPV4  GRIA1  MAPK1  CCR8  TACR1  HEPHL1  TRPV1  SLC4A10  LYN  CHD7  CASQ2  SLC9A1  RYR2  TTC7A  CA12  F2  PLCG2  TRIM24  XPR1  WNK3  SLC11A1  UBASH3B  SLC24A3"
0.175526046903095,43,887,1.46681297271265,"GO:0009967 positive regulation of signal transduction "," http://amigo.geneontology.org/amigo/term/GO:0009967"," AKAP13  TRPV4  LPAR3  ADRA1A  APAF1  TSPAN5  MGAT5  NLRP6  PLCB1  ATM  PTPRJ  ACVR1B  MMP8  RB1CC1  LYN  PIBF1  PPARD  PPP2R1A  SLC9A1  INSR  PPM1A  F2  SPRED1  RPTOR  PLCG2  CDH13  RET  STK3  ALOX15B  TXNDC15  RAF1  IL34  SULF1  ACTN4  SCUBE1  NRG1  EVC  SHOC2  FOXP1  ASXL1  SULF2  STAT3  TTC23"
0.175793784330332,9,105,2.59348127600555,"GO:0021915 neural tube development "," http://amigo.geneontology.org/amigo/term/GO:0021915"," APAF1  ITPK1  SEMA3C  AMBRA1  STK3  GPR161  PLXNA2  ALDH1A2  ARHGAP35"
0.175793784330332,9,105,2.59348127600555,"GO:0034764 positive regulation of transmembrane transport "," http://amigo.geneontology.org/amigo/term/GO:0034764"," ACE2  STAC  CLTRN  SLC9A1  RYR2  INSR  F2  PLCG2  WNK3"
0.175793784330332,9,105,2.59348127600555,"GO:0090257 regulation of muscle system process "," http://amigo.geneontology.org/amigo/term/GO:0090257"," MTPN  ADRA1A  SCN5A  TACR1  ACE2  TNNT3  CASQ2  SLC9A1  RYR2"
0.176164450973724,66,1483,1.34658164701569,"GO:0032268 regulation of cellular protein metabolic process "," http://amigo.geneontology.org/amigo/term/GO:0032268"," ABI1  PTPRT  LRP6  DCUN1D4  FTO  CTIF  MAPK1  FETUB  PPP4R4  AHSG  APAF1  MGAT5  NDUFS4  CTDSPL  FANCI  MCRS1  PRKDC  DPH5  PTPRJ  RB1CC1  LYN  PIBF1  DUS3L  RNFT2  VTN  SOS1  INSR  TNRC6C  ASPH  YTHDF3  F2  ATG13  AMBRA1  NDFIP2  SPRED1  EEFSEC  LATS2  RPTOR  PLCG2  DPH6  DIS3L2  RET  SPON1  CCNY  MACROH2A1  TIPRL  RAF1  DTNBP1  PPP2CA  IL34  RHBDD1  NEDD9  ZFP91  WDFY2  SERPINB1  WNK3  SLC11A1  PRMT3  COP1  NRG1  AXIN2  PAIP2B  EPHA7  UBASH3B  STAT3  "
0.176655432051205,30,568,1.59809585669356,"GO:0007167 enzyme linked receptor protein signaling pathway "," http://amigo.geneontology.org/amigo/term/GO:0007167"," PTPRT  MAPK1  CSRNP1  PLCB1  ARID5B  GRB2  PTPRJ  ACVR1B  LYN  HTRA3  GAB2  SOS1  INSR  PPM1A  EPHA6  SPRED1  LATS2  FGF9  CPNE3  CDH13  RET  RAF1  JADE2  FSTL4  SULF1  NRG1  EPHA7  UBASH3B  SULF2  STAT3"
0.177668418610092,7,70,3.02572815533981,"GO:0051209 release of sequestered calcium ion into cytosol "," http://amigo.geneontology.org/amigo/term/GO:0051209"," LYN  CHD7  CASQ2  RYR2  F2  PLCG2  UBASH3B"
0.177668418610092,7,70,3.02572815533981,"GO:0051283 negative regulation of sequestering of calcium ion "," http://amigo.geneontology.org/amigo/term/GO:0051283"," LYN  CHD7  CASQ2  RYR2  F2  PLCG2  UBASH3B"
0.182561079702312,4,25,4.84116504854369,"GO:1905508 protein localization to microtubule organizing center "," http://amigo.geneontology.org/amigo/term/GO:1905508"," CEP192  UBXN2B  PIBF1  PCM1"
0.182561079702312,4,25,4.84116504854369,"GO:0035335 peptidyl-tyrosine dephosphorylation "," http://amigo.geneontology.org/amigo/term/GO:0035335"," PTPRT  PTPRJ  EYA1  UBASH3B"
0.182561079702312,26,475,1.65618804292284,"GO:0051050 positive regulation of transport "," http://amigo.geneontology.org/amigo/term/GO:0051050"," CEP290  LIPG  PTPN23  AHSG  SCN5A  ACE2  MFGE8  STAC  RDX  EXPH5  CLTRN  SLC9A1  VTN  FRMD4A  RYR2  LDLRAP1  INSR  PPM1A  F2  PLCG2  DTNBP1  WNK3  SLC11A1  PCM1  ICE1  SCN3B"
0.186167403022694,5,39,3.87913866069206,"GO:1904427 positive regulation of calcium ion transmembrane transport "," http://amigo.geneontology.org/amigo/term/GO:1904427"," STAC  SLC9A1  RYR2  F2  PLCG2"
0.186167403022694,16,249,1.94424299138301,"GO:0006816 calcium ion transport "," http://amigo.geneontology.org/amigo/term/GO:0006816"," TRPV4  STAC  TRPV1  LYN  CHD7  CASQ2  SLC9A1  RYR2  F2  PLCG2  TRPC7  VDAC1  WNK3  CACNA2D3  UBASH3B  SLC24A3"
0.186167403022694,7,71,2.98311226582798,"GO:0051282 regulation of sequestering of calcium ion "," http://amigo.geneontology.org/amigo/term/GO:0051282"," LYN  CHD7  CASQ2  RYR2  F2  PLCG2  UBASH3B"
0.187409466913469,20,338,1.79037168955018,"GO:0006873 cellular ion homeostasis "," http://amigo.geneontology.org/amigo/term/GO:0006873"," TRPV4  GRIA1  MAPK1  CCR8  TACR1  HEPHL1  TRPV1  SLC4A10  LYN  CHD7  CASQ2  SLC9A1  RYR2  TTC7A  F2  PLCG2  XPR1  SLC11A1  UBASH3B  SLC24A3"
0.190175899496358,8,89,2.71975564524926,"GO:0050680 negative regulation of epithelial cell proliferation "," http://amigo.geneontology.org/amigo/term/GO:0050680"," PPARD  CASK  TRIM24  ALOX5  STK3  SULF1  PTPRM  KRIT1"
0.190175899496358,62,1387,1.35252448183899,"GO:0050793 regulation of developmental process "," http://amigo.geneontology.org/amigo/term/GO:0050793"," TEX11  CSF3R  TRPV4  LPAR3  FTO  MAPK1  RBFOX1  USF3  AHSG  DGKG  PLCB1  SLC9B2  GOLGA4  MCRS1  PRKDC  TSHR  ADCK1  RDX  SOS2  ACVR1B  LYN  PPARD  CHD7  SOS1  INSR  F2  AMBRA1  CLSTN2  SPRED1  LATS2  ALOX5  RET  STK3  ALOX15B  MFSD2A  MACROH2A1  JADE2  PPP2CA  IL34  FSTL4  NEDD9  SULF1  WDFY2  EYA1  PTPRM  LAMA1  KRIT1  ACTN4  ZFPM2  CSMD3  CARMIL1  PCM1  TMEM182  AXIN2  TLL2  JHY  UBASH3B  APOB  ARHGAP35  FOXP1  ASXL1  STAT3"
0.190175899496358,26,478,1.6457935572978,"GO:0051093 negative regulation of developmental process "," http://amigo.geneontology.org/amigo/term/GO:0051093"," TEX11  TRPV4  MAPK1  USF3  AHSG  ADCK1  LYN  PPARD  F2  SPRED1  ALOX5  STK3  PPP2CA  FSTL4  SULF1  PTPRM  KRIT1  ACTN4  ZFPM2  PCM1  TMEM182  AXIN2  TLL2  UBASH3B  ASXL1  STAT3"
0.190596824724322,27,502,1.62738366920667,"GO:0051338 regulation of transferase activity "," http://amigo.geneontology.org/amigo/term/GO:0051338"," ABI1  PTPRT  LRP6  MAPK1  PTPRJ  LYN  PIBF1  SPTSSB  VAV3  SOS1  INSR  PIFO  F2  AMBRA1  SPRED1  LATS2  RPTOR  CCNY  MACROH2A1  DTNBP1  PPP2CA  IL34  NEDD9  ZFP91  SLC11A1  NRG1  UBASH3B"
0.190764980544356,2,5,12.1029126213592,"GO:1905456 regulation of lymphoid progenitor cell differentiation "," http://amigo.geneontology.org/amigo/term/GO:1905456"," SOS2  SOS1"
0.190764980544356,3,14,6.48370319001387,"GO:2000641 regulation of early endosome to late endosome transport "," http://amigo.geneontology.org/amigo/term/GO:2000641"," MAPK1  PTPN23  RDX"
0.190764980544356,39,798,1.47873932403825,"GO:0007155 cell adhesion "," http://amigo.geneontology.org/amigo/term/GO:0007155"," PTPRT  TRPV4  PTPN23  ALCAM  ITGA9  NEGR1    RDX  ATM  SUSD5  PTPRJ  LYN  PPARD  CORO2B  VTN  VAV3  RSU1  NID2  CASK  CYTH1  AMBRA1  CLSTN2  VIT  CDH13  HSD17B12  FMN1  ALOX5  RET  SPON1  PDCD1LG2  NEDD9  RELN  PTPRM  LAMA1  ACTN4  CARMIL1  UBASH3B  TLN2  STK10"
0.190764980544356,96,2307,1.2590806368124,"GO:0009893 positive regulation of metabolic process "," http://amigo.geneontology.org/amigo/term/GO:0009893"," RBMS3  IGF2BP3  ELOVL6  ABI1  APBB2  PANX3  NCOR2  CEP290  TRPV4  LRP6  DCUN1D4  FTO  MAPK1  CADM1  USF3  APAF1  CSRNP1  USP22  CCDC62  PLCB1  KDM8  FANCI  MCRS1  PRKDC  TSHR  ARID5B  RDX  ATM  UBP1  GRB2  ACVR1B  MMP8  SPIDR  RB1CC1  LYN  PIBF1  KLF12  PPARD  CHD7  RNFT2  SLC9A1  VTN  VAV3  ZNF609  AGXT2  INSR  PIFO  PPM1A  ASPH  YTHDF3  F2  ATG13  AMBRA1  DDX11  NDFIP2  GABPB1  RPTOR  PLCG2  CDH13  TRIM24  DIS3L2  RET  SPON1  DCAF6  CCNY  ALOX15B  MFSD2A  MACROH2A1  PCBD2  RAF1  DTNBP1  PPP2CA  IL34  VDAC1  RHBDD1  NEDD9  ZFP91  SULF1  NCOA2  WDFY2  EYA1  ACTN4  WNK3  SLC11A1  ZFPM2  COP1  NRG1  AXIN2  ICE1  RXRG  APOB  ALDH1A2  ASXL1  SULF2  SLC24A3  STAT3"
0.190764980544356,3,14,6.48370319001387,"GO:0010759 positive regulation of macrophage chemotaxis "," http://amigo.geneontology.org/amigo/term/GO:0010759"," TRPV4  MAPK1  IL34"
0.190764980544356,3,14,6.48370319001387,"GO:0014808 release of sequestered calcium ion into cytosol by sarcoplasmic reticulum "," http://amigo.geneontology.org/amigo/term/GO:0014808"," CHD7  CASQ2  RYR2"
0.190764980544356,2,5,12.1029126213592,"GO:0014831 gastro-intestinal system smooth muscle contraction "," http://amigo.geneontology.org/amigo/term/GO:0014831"," SULF1  SULF2"
0.190764980544356,2,5,12.1029126213592,"GO:0030952 establishment or maintenance of cytoskeleton polarity "," http://amigo.geneontology.org/amigo/term/GO:0030952"," CKAP5  ARHGAP35"
0.190764980544356,2,5,12.1029126213592,"GO:0031000 response to caffeine "," http://amigo.geneontology.org/amigo/term/GO:0031000"," CASQ2  RYR2"
0.190764980544356,38,774,1.48549961114874,"GO:0034220 ion transmembrane transport "," http://amigo.geneontology.org/amigo/term/GO:0034220"," KCNJ15  KCNQ3  TRPV4  CLCA1  GRIA1  SCN5A  SLC9B2  ACE2  STAC  ANO2  TRPV1  SLC35A3  CLTRN  SLC4A10  LYN  CHD7  CASQ2  SLC9A1  RYR2  SLC3A1  ATP12A  GRID1  F2  DPP6  CNGB3  PLCG2  TRPC7  XPR1  VDAC1  KCNH8  WNK3  SLC11A1  CACNA2D3  SLC9C2  SCN3B  UBASH3B  GABRA1  SLC24A3"
0.190764980544356,49,1053,1.40798366202897,"GO:0034613 cellular protein localization "," http://amigo.geneontology.org/amigo/term/GO:0034613"," EPB41L2  BARD1  CEP290  LRP6  EXOC6  BBS9  TSPAN5  GOLGA4  STAC  MCRS1  CEP192  RDX  EXPH5  FYB1  AP1S2  RAB3C  SPIDR  UBXN2B  PIBF1  RAB6A  SORCS2  FRMPD1  RYR2  TTC7A  LDLRAP1  PPM1A  F2  LATS2  HPS4  RIC1  STK3  MACROH2A1  ADAM22  SEC24A  STX8  RHBDD1  HSPA4  RAB31  WNK3  GNPTAB  SEC63  GCC2  PCM1  ICE1  SCN3B  EXOC6B  STX7  STAT3  "
0.190764980544356,3,14,6.48370319001387,"GO:0035357 peroxisome proliferator activated receptor signaling pathway "," http://amigo.geneontology.org/amigo/term/GO:0035357"," ALOX15B  ACTN4  ASXL1"
0.190764980544356,25,457,1.65521233880733,"GO:0042327 positive regulation of phosphorylation "," http://amigo.geneontology.org/amigo/term/GO:0042327"," ABI1  MAPK1  RB1CC1  LYN  PIBF1  VTN  VAV3  INSR  PIFO  F2  AMBRA1  RPTOR  PLCG2  RET  CCNY  RAF1  PPP2CA  IL34  NEDD9  ZFP91  WDFY2  WNK3  SLC11A1  NRG1  AXIN2"
0.190764980544356,2,5,12.1029126213592,"GO:0045793 positive regulation of cell size "," http://amigo.geneontology.org/amigo/term/GO:0045793"," RB1CC1  RET"
0.190764980544356,17,274,1.87727659272908,"GO:0050673 epithelial cell proliferation "," http://amigo.geneontology.org/amigo/term/GO:0050673"," MAPK1  PRKDC  PPARD  CASK  CDH13  TRIM24  ALOX5  STK3  SULF1  EYA1  PTPRM  SERPINB1  KRIT1  FGL1  ALDH1A2  SULF2  STAT3"
0.190764980544356,3,14,6.48370319001387,"GO:0050746 regulation of lipoprotein metabolic process "," http://amigo.geneontology.org/amigo/term/GO:0050746"," LIPG  RB1CC1  ATG13"
0.190764980544356,2,5,12.1029126213592,"GO:0060872 semicircular canal development "," http://amigo.geneontology.org/amigo/term/GO:0060872"," CHD7  EYA1"
0.190764980544356,4,26,4.65496639283047,"GO:0071300 cellular response to retinoic acid "," http://amigo.geneontology.org/amigo/term/GO:0071300"," ATM  LYN  RET  ALDH1A2"
0.190764980544356,2,5,12.1029126213592,"GO:0071313 cellular response to caffeine "," http://amigo.geneontology.org/amigo/term/GO:0071313"," CASQ2  RYR2"
0.190764980544356,2,5,12.1029126213592,"GO:1901526 positive regulation of mitophagy "," http://amigo.geneontology.org/amigo/term/GO:1901526"," AMBRA1  VDAC1"
0.191075111543862,50,1081,1.39950423466226,"GO:0008283 cell population proliferation "," http://amigo.geneontology.org/amigo/term/GO:0008283"," SKAP2  FTO  MAPK1  DLEC1  NDUFS4  PRKDC  SOS2  ATM  PTPRJ  RB1CC1  LYN  PPARD  GAB2  VAV3  ZNF609  LDLRAP1  SOS1  INSR  NPR3  CASK  F2  ATG13  AMBRA1  FGF9  CDH13  TRIM24  DIS3L2  ALOX5  PDCD1LG2  STK3  ALOX15B  RAF1  IL34  SRPK2  SULF1  EYA1  PTPRM  SERPINB1  KRIT1  SLC11A1  ZFPM2  FGL1  PCM1  NRG1  AXIN2  HPSE2  ALDH1A2  FOXP1  SULF2  STAT3"
0.191075111543862,7,73,2.90138316265461,"GO:0051208 sequestering of calcium ion "," http://amigo.geneontology.org/amigo/term/GO:0051208"," LYN  CHD7  CASQ2  RYR2  F2  PLCG2  UBASH3B"
0.191332648459871,19,320,1.79652609223301,"GO:0044770 cell cycle phase transition "," http://amigo.geneontology.org/amigo/term/GO:0044770"," APBB2  KLHL18  PLCB1  CTDSPL  KDM8  PRKDC  ATM  ACVR1B    AMBRA1  LATS2  RPTOR  CCNY  MACROH2A1  TIPRL  NEK11  PPP2CA  CDK14  USP37"
0.194852276616956,17,276,1.86367313915858,"GO:0090066 regulation of anatomical structure size "," http://amigo.geneontology.org/amigo/term/GO:0090066"," MTPN  LPAR3  ADRA1A  GOLGA4  RDX  GRB2  RB1CC1  VAV3  RPTOR  FMN1  RET  FSTL4  WNK3  CARMIL1  ARHGAP35  ASXL1  ARFGEF1"
0.195763310294664,9,110,2.47559576345984,"GO:0000082 G1/S transition of mitotic cell cycle "," http://amigo.geneontology.org/amigo/term/GO:0000082"," PLCB1  CTDSPL  PRKDC  ACVR1B  AMBRA1  LATS2  RPTOR  PPP2CA  USP37"
0.195763310294664,20,344,1.75914427636035,"GO:0002521 leukocyte differentiation "," http://amigo.geneontology.org/amigo/term/GO:0002521"," CMTM7  ST3GAL1  SLC9B2  PIR  PRKDC  TSHR  SOS2  ATM  LYN  CHD7  GAB2  SOS1  AMBRA1  PLCG2  IL34  TCF7  NEDD9  UBASH3B  FOXP1  STAT3"
0.195763310294664,49,1058,1.40132967496834,"GO:0070727 cellular macromolecule localization "," http://amigo.geneontology.org/amigo/term/GO:0070727"," EPB41L2  BARD1  CEP290  LRP6  EXOC6  BBS9  TSPAN5  GOLGA4  STAC  MCRS1  CEP192  RDX  EXPH5  FYB1  AP1S2  RAB3C  SPIDR  UBXN2B  PIBF1  RAB6A  SORCS2  FRMPD1  RYR2  TTC7A  LDLRAP1  PPM1A  F2  LATS2  HPS4  RIC1  STK3  MACROH2A1  ADAM22  SEC24A  STX8  RHBDD1  HSPA4  RAB31  WNK3  GNPTAB  SEC63  GCC2  PCM1  ICE1  SCN3B  EXOC6B  STX7  STAT3  "
0.196774085156264,5,41,3.68991238456074,"GO:0051279 regulation of release of sequestered calcium ion into cytosol "," http://amigo.geneontology.org/amigo/term/GO:0051279"," LYN  CHD7  CASQ2  F2  UBASH3B"
0.198504656312655,7,74,2.8621752820782,"GO:0060048 cardiac muscle contraction "," http://amigo.geneontology.org/amigo/term/GO:0060048"," ADRA1A  SCN5A  ACE2  CASQ2  SLC9A1  RYR2  SCN3B"
0.198504656312655,179,4659,1.16249268041602,"GO:1901564 organonitrogen compound metabolic process "," http://amigo.geneontology.org/amigo/term/GO:1901564"," ELOVL6  BARD1  ABI1  PTPRT  AGBL1  MYO3A  FAR2  ST3GAL1  STK35  CLCA1  LRP6  DCUN1D4  FTO  ST8SIA5  CTIF  LIPG  C1RL  MAPK1  PTPN23  LNX1  KLHL18  FETUB  PPP4R4  AHSG  APAF1  TSPAN5  USP22  MGAT5  PLCB1  NDUFS4  BMX  ACE2  CTDSPL  TRAF3  KDM8  FANCI  MCRS1  PRKDC    ALG9  SIK2  ADCK1  RDX  KLHDC2  KLHDC1  CAMKK1  ATM  HKDC1  DPH5  EXTL2  CDC14A  DBT  DPP9  FBXL2  SPTLC3  PTPRJ  ACVR1B  SERINC2  MMP8  PTPRE  PLPP1  CDKAL1  RB1CC1  LYN  PIBF1  HTRA3  RAB6A  PPP2R1A  DUS3L  RNFT2  SPTSSB  DELE1  MAP2K5  VTN  STAMBPL1  ZDHHC14  AGXT2  PAK6  LDLRAP1  SOS1  INSR  TNRC6C  PPM1A  EPHA6  CTTNBP2NL  ASPH  YTHDF3  CASK  SGK3  F2  ATG13  AMBRA1  NDFIP2  SPRED1  DPP6  EEFSEC  MRPS28  LATS2  WWP1  RPTOR  PLCG2  IARS1  TRIM24  DPH6  DIS3L2  TTLL6  PISD  RNF144B  RET  SPON1  RIC1  BCKDHB  CCNY  STK3  MFSD2A  FBXL20  PPIE  MACROH2A1  TIPRL  PCBD2  LDLRAD3  ADAM22  RAF1  NEK11  DTNBP1  JADE2  CDKL3  PPP2CA  IL34  RHBDD1  NEDD9  UBE3D  ZFP91  SRPK2  CDK14  SULF1  WDFY2  EYA1  PTPRM  LAMA1  SERPINB1  ANKIB1  WNK3  GNPTAB  USP37  NEK10  SLC11A1  PRMT3  COP1  PAPPA2  RASAL2  ADCY2  NRG1  TPH2  AXIN2  TLL2  ADAMTS16  PAIP2B  EPHA7  GALNTL6  UBASH3B  ADCY8  ETHE1  APOB  STK32B  OTUD7A  ASXL1  STK10  SULF2  ADSS1  PCSK2  MARK3  STAT3  PFKFB2  ARFGEF1"
